company,date,headline,content,full_text,source,url
TCS.NS,2025-07-10 23:52:37.511901,TCS participates in industry conference,"According to latest reports, tcs participates in industry conference. Industry experts are closely monitoring the developments. More details are expected to be announced soon.","TCS participates in industry conference According to latest reports, tcs participates in industry conference. Industry experts are closely monitoring the developments. More details are expected to be announced soon.",Mint,https://example.com/news/5413
INFY.NS,2025-07-10 15:44:37.511901,INFY updates on business operations,"According to latest reports, infy updates on business operations. Industry experts are closely monitoring the developments. More details are expected to be announced soon.","INFY updates on business operations According to latest reports, infy updates on business operations. Industry experts are closely monitoring the developments. More details are expected to be announced soon.",ET,https://example.com/news/8400
RELIANCE.NS,2025-07-10 12:00:37.511901,RELIANCE reports 19% decline in profits,"According to latest reports, reliance reports 19% decline in profits. Industry experts are closely monitoring the developments. More details are expected to be announced soon.","RELIANCE reports 19% decline in profits According to latest reports, reliance reports 19% decline in profits. Industry experts are closely monitoring the developments. More details are expected to be announced soon.",NDTV,https://example.com/news/3062
HDFCBANK.NS,2025-07-10 05:07:37.511901,HDFCBANK announces board meeting on July 10,"According to latest reports, hdfcbank announces board meeting on july 10. Industry experts are closely monitoring the developments. More details are expected to be announced soon.","HDFCBANK announces board meeting on July 10 According to latest reports, hdfcbank announces board meeting on july 10. Industry experts are closely monitoring the developments. More details are expected to be announced soon.",MC,https://example.com/news/8996
HDFCBANK.NS,2025-07-10 01:11:37.511901,HDFCBANK updates on business operations,"According to latest reports, hdfcbank updates on business operations. Industry experts are closely monitoring the developments. More details are expected to be announced soon.","HDFCBANK updates on business operations According to latest reports, hdfcbank updates on business operations. Industry experts are closely monitoring the developments. More details are expected to be announced soon.",ET,https://example.com/news/6854
ITC.NS,2025-07-09 14:05:37.511901,ITC shares fall 13% on weak outlook,"According to latest reports, itc shares fall 13% on weak outlook. Industry experts are closely monitoring the developments. More details are expected to be announced soon.","ITC shares fall 13% on weak outlook According to latest reports, itc shares fall 13% on weak outlook. Industry experts are closely monitoring the developments. More details are expected to be announced soon.",Mint,https://example.com/news/1412
TCS.NS,2025-07-09 02:02:37.511901,TCS reports 5% increase in quarterly revenue,"According to latest reports, tcs reports 5% increase in quarterly revenue. Industry experts are closely monitoring the developments. More details are expected to be announced soon.","TCS reports 5% increase in quarterly revenue According to latest reports, tcs reports 5% increase in quarterly revenue. Industry experts are closely monitoring the developments. More details are expected to be announced soon.",MC,https://example.com/news/4510
KOTAKBANK.NS,2025-07-09 00:07:37.511901,KOTAKBANK participates in industry conference,"According to latest reports, kotakbank participates in industry conference. Industry experts are closely monitoring the developments. More details are expected to be announced soon.","KOTAKBANK participates in industry conference According to latest reports, kotakbank participates in industry conference. Industry experts are closely monitoring the developments. More details are expected to be announced soon.",ET,https://example.com/news/7530
TCS.NS,2025-07-08 16:23:37.511901,TCS CEO steps down after accounting,"According to latest reports, tcs ceo steps down after accounting. Industry experts are closely monitoring the developments. More details are expected to be announced soon.","TCS CEO steps down after accounting According to latest reports, tcs ceo steps down after accounting. Industry experts are closely monitoring the developments. More details are expected to be announced soon.",ET,https://example.com/news/2306
RELIANCE.NS,2025-07-07 14:07:37.511901,RELIANCE participates in industry conference,"According to latest reports, reliance participates in industry conference. Industry experts are closely monitoring the developments. More details are expected to be announced soon.","RELIANCE participates in industry conference According to latest reports, reliance participates in industry conference. Industry experts are closely monitoring the developments. More details are expected to be announced soon.",Mint,https://example.com/news/2899
INFY.NS,2025-07-06 20:36:37.511901,INFY announces board meeting on July 06,"According to latest reports, infy announces board meeting on july 06. Industry experts are closely monitoring the developments. More details are expected to be announced soon.","INFY announces board meeting on July 06 According to latest reports, infy announces board meeting on july 06. Industry experts are closely monitoring the developments. More details are expected to be announced soon.",ET,https://example.com/news/6423
RELIANCE.NS,2025-07-06 13:05:37.511901,RELIANCE launches innovative fintech service,"According to latest reports, reliance launches innovative fintech service. Industry experts are closely monitoring the developments. More details are expected to be announced soon.","RELIANCE launches innovative fintech service According to latest reports, reliance launches innovative fintech service. Industry experts are closely monitoring the developments. More details are expected to be announced soon.",MC,https://example.com/news/2585
BHARTIARTL.NS,2025-07-06 07:40:37.511901,BHARTIARTL announces major expansion into healthcare,"According to latest reports, bhartiartl announces major expansion into healthcare. Industry experts are closely monitoring the developments. More details are expected to be announced soon.","BHARTIARTL announces major expansion into healthcare According to latest reports, bhartiartl announces major expansion into healthcare. Industry experts are closely monitoring the developments. More details are expected to be announced soon.",MC,https://example.com/news/9150
HDFCBANK.NS,2025-07-06 07:29:37.511901,HDFCBANK provides annual business update,"According to latest reports, hdfcbank provides annual business update. Industry experts are closely monitoring the developments. More details are expected to be announced soon.","HDFCBANK provides annual business update According to latest reports, hdfcbank provides annual business update. Industry experts are closely monitoring the developments. More details are expected to be announced soon.",ET,https://example.com/news/5780
LT.NS,2025-07-06 05:44:37.511901,LT announces dividend payment schedule,"According to latest reports, lt announces dividend payment schedule. Industry experts are closely monitoring the developments. More details are expected to be announced soon.","LT announces dividend payment schedule According to latest reports, lt announces dividend payment schedule. Industry experts are closely monitoring the developments. More details are expected to be announced soon.",NDTV,https://example.com/news/2365
ICICIBANK.NS,2025-07-06 05:26:37.511901,ICICIBANK signs deal worth ₹3443 crores,"According to latest reports, icicibank signs deal worth ₹3443 crores. Industry experts are closely monitoring the developments. More details are expected to be announced soon.","ICICIBANK signs deal worth ₹3443 crores According to latest reports, icicibank signs deal worth ₹3443 crores. Industry experts are closely monitoring the developments. More details are expected to be announced soon.",NDTV,https://example.com/news/8004
SBIN.NS,2025-07-06 02:38:37.511901,SBIN provides quarterly business update,"According to latest reports, sbin provides quarterly business update. Industry experts are closely monitoring the developments. More details are expected to be announced soon.","SBIN provides quarterly business update According to latest reports, sbin provides quarterly business update. Industry experts are closely monitoring the developments. More details are expected to be announced soon.",BS,https://example.com/news/8266
LT.NS,2025-07-06 00:38:37.511901,LT receives upgrade from Goldman Sachs to buy,"According to latest reports, lt receives upgrade from goldman sachs to buy. Industry experts are closely monitoring the developments. More details are expected to be announced soon.","LT receives upgrade from Goldman Sachs to buy According to latest reports, lt receives upgrade from goldman sachs to buy. Industry experts are closely monitoring the developments. More details are expected to be announced soon.",NDTV,https://example.com/news/8330
INFY.NS,2025-07-05 22:25:37.511901,INFY announces dividend payment schedule,"According to latest reports, infy announces dividend payment schedule. Industry experts are closely monitoring the developments. More details are expected to be announced soon.","INFY announces dividend payment schedule According to latest reports, infy announces dividend payment schedule. Industry experts are closely monitoring the developments. More details are expected to be announced soon.",NDTV,https://example.com/news/9352
INFY.NS,2025-07-05 22:02:37.511901,INFY files quarterly compliance report,"According to latest reports, infy files quarterly compliance report. Industry experts are closely monitoring the developments. More details are expected to be announced soon.","INFY files quarterly compliance report According to latest reports, infy files quarterly compliance report. Industry experts are closely monitoring the developments. More details are expected to be announced soon.",MC,https://example.com/news/7287
BHARTIARTL.NS,2025-07-05 19:36:37.511901,BHARTIARTL announces dividend payment schedule,"According to latest reports, bhartiartl announces dividend payment schedule. Industry experts are closely monitoring the developments. More details are expected to be announced soon.","BHARTIARTL announces dividend payment schedule According to latest reports, bhartiartl announces dividend payment schedule. Industry experts are closely monitoring the developments. More details are expected to be announced soon.",NDTV,https://example.com/news/5432
SBIN.NS,2025-07-05 10:12:37.511901,SBIN holds investor conference call,"According to latest reports, sbin holds investor conference call. Industry experts are closely monitoring the developments. More details are expected to be announced soon.","SBIN holds investor conference call According to latest reports, sbin holds investor conference call. Industry experts are closely monitoring the developments. More details are expected to be announced soon.",BS,https://example.com/news/8730
BHARTIARTL.NS,2025-07-05 05:32:37.511901,BHARTIARTL signs deal worth ₹3617 crores,"According to latest reports, bhartiartl signs deal worth ₹3617 crores. Industry experts are closely monitoring the developments. More details are expected to be announced soon.","BHARTIARTL signs deal worth ₹3617 crores According to latest reports, bhartiartl signs deal worth ₹3617 crores. Industry experts are closely monitoring the developments. More details are expected to be announced soon.",Mint,https://example.com/news/9434
ITC.NS,2025-07-05 03:11:37.511901,ITC announces board meeting on July 05,"According to latest reports, itc announces board meeting on july 05. Industry experts are closely monitoring the developments. More details are expected to be announced soon.","ITC announces board meeting on July 05 According to latest reports, itc announces board meeting on july 05. Industry experts are closely monitoring the developments. More details are expected to be announced soon.",NDTV,https://example.com/news/3914
HDFCBANK.NS,2025-07-04 21:25:37.511901,HDFCBANK updates on business operations,"According to latest reports, hdfcbank updates on business operations. Industry experts are closely monitoring the developments. More details are expected to be announced soon.","HDFCBANK updates on business operations According to latest reports, hdfcbank updates on business operations. Industry experts are closely monitoring the developments. More details are expected to be announced soon.",MC,https://example.com/news/1190
RELIANCE.NS,2025-07-04 16:09:37.511901,RELIANCE launches innovative AI-powered service,"According to latest reports, reliance launches innovative ai-powered service. Industry experts are closely monitoring the developments. More details are expected to be announced soon.","RELIANCE launches innovative AI-powered service According to latest reports, reliance launches innovative ai-powered service. Industry experts are closely monitoring the developments. More details are expected to be announced soon.",ET,https://example.com/news/9666
ITC.NS,2025-07-04 08:04:37.511901,ITC announces board meeting on July 04,"According to latest reports, itc announces board meeting on july 04. Industry experts are closely monitoring the developments. More details are expected to be announced soon.","ITC announces board meeting on July 04 According to latest reports, itc announces board meeting on july 04. Industry experts are closely monitoring the developments. More details are expected to be announced soon.",NDTV,https://example.com/news/3504
ITC.NS,2025-07-04 07:28:37.511901,ITC holds investor conference call,"According to latest reports, itc holds investor conference call. Industry experts are closely monitoring the developments. More details are expected to be announced soon.","ITC holds investor conference call According to latest reports, itc holds investor conference call. Industry experts are closely monitoring the developments. More details are expected to be announced soon.",ET,https://example.com/news/3143
SBIN.NS,2025-07-04 04:12:37.511901,SBIN files quarterly compliance report,"According to latest reports, sbin files quarterly compliance report. Industry experts are closely monitoring the developments. More details are expected to be announced soon.","SBIN files quarterly compliance report According to latest reports, sbin files quarterly compliance report. Industry experts are closely monitoring the developments. More details are expected to be announced soon.",ET,https://example.com/news/8449
HDFCBANK.NS,2025-07-04 02:30:37.511901,HDFCBANK struggles with inflation in international,"According to latest reports, hdfcbank struggles with inflation in international. Industry experts are closely monitoring the developments. More details are expected to be announced soon.","HDFCBANK struggles with inflation in international According to latest reports, hdfcbank struggles with inflation in international. Industry experts are closely monitoring the developments. More details are expected to be announced soon.",ET,https://example.com/news/5777
RELIANCE.NS,2025-07-04 00:36:37.511901,RELIANCE announces major expansion into digital,"According to latest reports, reliance announces major expansion into digital. Industry experts are closely monitoring the developments. More details are expected to be announced soon.","RELIANCE announces major expansion into digital According to latest reports, reliance announces major expansion into digital. Industry experts are closely monitoring the developments. More details are expected to be announced soon.",MC,https://example.com/news/9433
KOTAKBANK.NS,2025-07-03 14:51:37.511901,KOTAKBANK announces dividend payment schedule,"According to latest reports, kotakbank announces dividend payment schedule. Industry experts are closely monitoring the developments. More details are expected to be announced soon.","KOTAKBANK announces dividend payment schedule According to latest reports, kotakbank announces dividend payment schedule. Industry experts are closely monitoring the developments. More details are expected to be announced soon.",BS,https://example.com/news/7819
RELIANCE.NS,2025-07-03 14:50:37.511901,RELIANCE holds investor conference call,"According to latest reports, reliance holds investor conference call. Industry experts are closely monitoring the developments. More details are expected to be announced soon.","RELIANCE holds investor conference call According to latest reports, reliance holds investor conference call. Industry experts are closely monitoring the developments. More details are expected to be announced soon.",NDTV,https://example.com/news/1769
LT.NS,2025-07-03 14:50:37.511901,LT launches innovative AI-powered service,"According to latest reports, lt launches innovative ai-powered service. Industry experts are closely monitoring the developments. More details are expected to be announced soon.","LT launches innovative AI-powered service According to latest reports, lt launches innovative ai-powered service. Industry experts are closely monitoring the developments. More details are expected to be announced soon.",BS,https://example.com/news/7938
ICICIBANK.NS,2025-07-03 06:51:37.511901,ICICIBANK updates on business operations,"According to latest reports, icicibank updates on business operations. Industry experts are closely monitoring the developments. More details are expected to be announced soon.","ICICIBANK updates on business operations According to latest reports, icicibank updates on business operations. Industry experts are closely monitoring the developments. More details are expected to be announced soon.",ET,https://example.com/news/6188
INFY.NS,2025-07-02 18:09:37.511901,INFY provides monthly business update,"According to latest reports, infy provides monthly business update. Industry experts are closely monitoring the developments. More details are expected to be announced soon.","INFY provides monthly business update According to latest reports, infy provides monthly business update. Industry experts are closely monitoring the developments. More details are expected to be announced soon.",Mint,https://example.com/news/1225
HDFCBANK.NS,2025-07-02 07:19:37.511901,"HDFCBANK beats analyst estimates, shares surge 19%","According to latest reports, hdfcbank beats analyst estimates, shares surge 19%. Industry experts are closely monitoring the developments. More details are expected to be announced soon.","HDFCBANK beats analyst estimates, shares surge 19% According to latest reports, hdfcbank beats analyst estimates, shares surge 19%. Industry experts are closely monitoring the developments. More details are expected to be announced soon.",BS,https://example.com/news/1784
SBIN.NS,2025-07-01 08:57:37.511901,SBIN receives upgrade from Goldman Sachs to buy,"According to latest reports, sbin receives upgrade from goldman sachs to buy. Industry experts are closely monitoring the developments. More details are expected to be announced soon.","SBIN receives upgrade from Goldman Sachs to buy According to latest reports, sbin receives upgrade from goldman sachs to buy. Industry experts are closely monitoring the developments. More details are expected to be announced soon.",BS,https://example.com/news/8240
LT.NS,2025-06-30 23:37:37.511901,LT provides quarterly business update,"According to latest reports, lt provides quarterly business update. Industry experts are closely monitoring the developments. More details are expected to be announced soon.","LT provides quarterly business update According to latest reports, lt provides quarterly business update. Industry experts are closely monitoring the developments. More details are expected to be announced soon.",Mint,https://example.com/news/5491
BHARTIARTL.NS,2025-06-30 20:51:37.511901,"BHARTIARTL beats analyst estimates, shares surge 18%","According to latest reports, bhartiartl beats analyst estimates, shares surge 18%. Industry experts are closely monitoring the developments. More details are expected to be announced soon.","BHARTIARTL beats analyst estimates, shares surge 18% According to latest reports, bhartiartl beats analyst estimates, shares surge 18%. Industry experts are closely monitoring the developments. More details are expected to be announced soon.",NDTV,https://example.com/news/3026
LT.NS,2025-06-30 20:46:37.511901,LT holds investor conference call,"According to latest reports, lt holds investor conference call. Industry experts are closely monitoring the developments. More details are expected to be announced soon.","LT holds investor conference call According to latest reports, lt holds investor conference call. Industry experts are closely monitoring the developments. More details are expected to be announced soon.",MC,https://example.com/news/4486
RELIANCE.NS,2025-06-30 19:22:37.511901,RELIANCE provides monthly business update,"According to latest reports, reliance provides monthly business update. Industry experts are closely monitoring the developments. More details are expected to be announced soon.","RELIANCE provides monthly business update According to latest reports, reliance provides monthly business update. Industry experts are closely monitoring the developments. More details are expected to be announced soon.",BS,https://example.com/news/1466
ICICIBANK.NS,2025-06-30 14:37:37.511901,ICICIBANK announces board meeting on June 30,"According to latest reports, icicibank announces board meeting on june 30. Industry experts are closely monitoring the developments. More details are expected to be announced soon.","ICICIBANK announces board meeting on June 30 According to latest reports, icicibank announces board meeting on june 30. Industry experts are closely monitoring the developments. More details are expected to be announced soon.",NDTV,https://example.com/news/5611
HDFCBANK.NS,2025-06-30 04:47:37.511901,HDFCBANK announces dividend payment schedule,"According to latest reports, hdfcbank announces dividend payment schedule. Industry experts are closely monitoring the developments. More details are expected to be announced soon.","HDFCBANK announces dividend payment schedule According to latest reports, hdfcbank announces dividend payment schedule. Industry experts are closely monitoring the developments. More details are expected to be announced soon.",MC,https://example.com/news/6919
ICICIBANK.NS,2025-06-29 21:35:37.511901,ICICIBANK launches innovative fintech service,"According to latest reports, icicibank launches innovative fintech service. Industry experts are closely monitoring the developments. More details are expected to be announced soon.","ICICIBANK launches innovative fintech service According to latest reports, icicibank launches innovative fintech service. Industry experts are closely monitoring the developments. More details are expected to be announced soon.",MC,https://example.com/news/2664
LT.NS,2025-06-29 16:33:37.511901,LT files quarterly compliance report,"According to latest reports, lt files quarterly compliance report. Industry experts are closely monitoring the developments. More details are expected to be announced soon.","LT files quarterly compliance report According to latest reports, lt files quarterly compliance report. Industry experts are closely monitoring the developments. More details are expected to be announced soon.",Mint,https://example.com/news/5268
BHARTIARTL.NS,2025-06-27 16:59:37.511901,BHARTIARTL reports 7% decline in profits,"According to latest reports, bhartiartl reports 7% decline in profits. Industry experts are closely monitoring the developments. More details are expected to be announced soon.","BHARTIARTL reports 7% decline in profits According to latest reports, bhartiartl reports 7% decline in profits. Industry experts are closely monitoring the developments. More details are expected to be announced soon.",BS,https://example.com/news/8943
RELIANCE.NS,2025-06-27 12:14:37.511901,RELIANCE updates on business operations,"According to latest reports, reliance updates on business operations. Industry experts are closely monitoring the developments. More details are expected to be announced soon.","RELIANCE updates on business operations According to latest reports, reliance updates on business operations. Industry experts are closely monitoring the developments. More details are expected to be announced soon.",BS,https://example.com/news/7184
TCS.NS,2025-06-27 09:28:37.511901,TCS updates on business operations,"According to latest reports, tcs updates on business operations. Industry experts are closely monitoring the developments. More details are expected to be announced soon.","TCS updates on business operations According to latest reports, tcs updates on business operations. Industry experts are closely monitoring the developments. More details are expected to be announced soon.",BS,https://example.com/news/5737
SBIN.NS,2025-06-27 09:08:37.511901,SBIN reports 14% increase in quarterly revenue,"According to latest reports, sbin reports 14% increase in quarterly revenue. Industry experts are closely monitoring the developments. More details are expected to be announced soon.","SBIN reports 14% increase in quarterly revenue According to latest reports, sbin reports 14% increase in quarterly revenue. Industry experts are closely monitoring the developments. More details are expected to be announced soon.",Mint,https://example.com/news/2906
LT.NS,2025-06-27 07:51:37.511901,LT updates on business operations,"According to latest reports, lt updates on business operations. Industry experts are closely monitoring the developments. More details are expected to be announced soon.","LT updates on business operations According to latest reports, lt updates on business operations. Industry experts are closely monitoring the developments. More details are expected to be announced soon.",MC,https://example.com/news/1717
ICICIBANK.NS,2025-06-27 03:55:37.511901,ICICIBANK announces board meeting on June 27,"According to latest reports, icicibank announces board meeting on june 27. Industry experts are closely monitoring the developments. More details are expected to be announced soon.","ICICIBANK announces board meeting on June 27 According to latest reports, icicibank announces board meeting on june 27. Industry experts are closely monitoring the developments. More details are expected to be announced soon.",MC,https://example.com/news/2687
ICICIBANK.NS,2025-06-27 01:18:37.511901,ICICIBANK CEO steps down after compliance,"According to latest reports, icicibank ceo steps down after compliance. Industry experts are closely monitoring the developments. More details are expected to be announced soon.","ICICIBANK CEO steps down after compliance According to latest reports, icicibank ceo steps down after compliance. Industry experts are closely monitoring the developments. More details are expected to be announced soon.",NDTV,https://example.com/news/3849
HDFCBANK.NS,2025-06-26 22:43:37.511901,HDFCBANK reports 21% increase in quarterly revenue,"According to latest reports, hdfcbank reports 21% increase in quarterly revenue. Industry experts are closely monitoring the developments. More details are expected to be announced soon.","HDFCBANK reports 21% increase in quarterly revenue According to latest reports, hdfcbank reports 21% increase in quarterly revenue. Industry experts are closely monitoring the developments. More details are expected to be announced soon.",MC,https://example.com/news/2060
INFY.NS,2025-06-26 06:59:37.511901,INFY delays IPO due to market conditions,"According to latest reports, infy delays ipo due to market conditions. Industry experts are closely monitoring the developments. More details are expected to be announced soon.","INFY delays IPO due to market conditions According to latest reports, infy delays ipo due to market conditions. Industry experts are closely monitoring the developments. More details are expected to be announced soon.",MC,https://example.com/news/9680
SBIN.NS,2025-06-26 03:34:37.511901,SBIN updates on business operations,"According to latest reports, sbin updates on business operations. Industry experts are closely monitoring the developments. More details are expected to be announced soon.","SBIN updates on business operations According to latest reports, sbin updates on business operations. Industry experts are closely monitoring the developments. More details are expected to be announced soon.",MC,https://example.com/news/9472
ICICIBANK.NS,2025-06-26 02:22:37.511901,ICICIBANK reports 12% increase in quarterly revenue,"According to latest reports, icicibank reports 12% increase in quarterly revenue. Industry experts are closely monitoring the developments. More details are expected to be announced soon.","ICICIBANK reports 12% increase in quarterly revenue According to latest reports, icicibank reports 12% increase in quarterly revenue. Industry experts are closely monitoring the developments. More details are expected to be announced soon.",MC,https://example.com/news/5142
ICICIBANK.NS,2025-06-25 21:09:37.511901,ICICIBANK holds investor conference call,"According to latest reports, icicibank holds investor conference call. Industry experts are closely monitoring the developments. More details are expected to be announced soon.","ICICIBANK holds investor conference call According to latest reports, icicibank holds investor conference call. Industry experts are closely monitoring the developments. More details are expected to be announced soon.",MC,https://example.com/news/7617
BHARTIARTL.NS,2025-06-25 10:33:37.511901,BHARTIARTL signs deal worth ₹946 crores,"According to latest reports, bhartiartl signs deal worth ₹946 crores. Industry experts are closely monitoring the developments. More details are expected to be announced soon.","BHARTIARTL signs deal worth ₹946 crores According to latest reports, bhartiartl signs deal worth ₹946 crores. Industry experts are closely monitoring the developments. More details are expected to be announced soon.",BS,https://example.com/news/7316
BHARTIARTL.NS,2025-06-25 03:41:37.511901,BHARTIARTL announces dividend payment schedule,"According to latest reports, bhartiartl announces dividend payment schedule. Industry experts are closely monitoring the developments. More details are expected to be announced soon.","BHARTIARTL announces dividend payment schedule According to latest reports, bhartiartl announces dividend payment schedule. Industry experts are closely monitoring the developments. More details are expected to be announced soon.",Mint,https://example.com/news/6126
KOTAKBANK.NS,2025-06-24 19:10:37.511901,KOTAKBANK announces dividend payment schedule,"According to latest reports, kotakbank announces dividend payment schedule. Industry experts are closely monitoring the developments. More details are expected to be announced soon.","KOTAKBANK announces dividend payment schedule According to latest reports, kotakbank announces dividend payment schedule. Industry experts are closely monitoring the developments. More details are expected to be announced soon.",Mint,https://example.com/news/3703
TCS.NS,2025-06-24 11:06:37.511901,TCS participates in industry conference,"According to latest reports, tcs participates in industry conference. Industry experts are closely monitoring the developments. More details are expected to be announced soon.","TCS participates in industry conference According to latest reports, tcs participates in industry conference. Industry experts are closely monitoring the developments. More details are expected to be announced soon.",BS,https://example.com/news/8035
ITC.NS,2025-06-24 06:30:37.511901,ITC participates in industry conference,"According to latest reports, itc participates in industry conference. Industry experts are closely monitoring the developments. More details are expected to be announced soon.","ITC participates in industry conference According to latest reports, itc participates in industry conference. Industry experts are closely monitoring the developments. More details are expected to be announced soon.",BS,https://example.com/news/9967
SBIN.NS,2025-06-24 05:50:37.511901,SBIN signs deal worth ₹1458 crores,"According to latest reports, sbin signs deal worth ₹1458 crores. Industry experts are closely monitoring the developments. More details are expected to be announced soon.","SBIN signs deal worth ₹1458 crores According to latest reports, sbin signs deal worth ₹1458 crores. Industry experts are closely monitoring the developments. More details are expected to be announced soon.",Mint,https://example.com/news/2331
TCS.NS,2025-06-23 23:11:37.511901,TCS holds investor conference call,"According to latest reports, tcs holds investor conference call. Industry experts are closely monitoring the developments. More details are expected to be announced soon.","TCS holds investor conference call According to latest reports, tcs holds investor conference call. Industry experts are closely monitoring the developments. More details are expected to be announced soon.",MC,https://example.com/news/2757
KOTAKBANK.NS,2025-06-23 21:04:37.511901,KOTAKBANK announces dividend payment schedule,"According to latest reports, kotakbank announces dividend payment schedule. Industry experts are closely monitoring the developments. More details are expected to be announced soon.","KOTAKBANK announces dividend payment schedule According to latest reports, kotakbank announces dividend payment schedule. Industry experts are closely monitoring the developments. More details are expected to be announced soon.",BS,https://example.com/news/4627
KOTAKBANK.NS,2025-06-23 17:26:37.511901,KOTAKBANK announces dividend payment schedule,"According to latest reports, kotakbank announces dividend payment schedule. Industry experts are closely monitoring the developments. More details are expected to be announced soon.","KOTAKBANK announces dividend payment schedule According to latest reports, kotakbank announces dividend payment schedule. Industry experts are closely monitoring the developments. More details are expected to be announced soon.",Mint,https://example.com/news/6348
RELIANCE.NS,2025-06-23 05:04:37.511901,RELIANCE announces board meeting on June 23,"According to latest reports, reliance announces board meeting on june 23. Industry experts are closely monitoring the developments. More details are expected to be announced soon.","RELIANCE announces board meeting on June 23 According to latest reports, reliance announces board meeting on june 23. Industry experts are closely monitoring the developments. More details are expected to be announced soon.",Mint,https://example.com/news/6618
ICICIBANK.NS,2025-06-22 22:14:37.511901,ICICIBANK announces board meeting on June 22,"According to latest reports, icicibank announces board meeting on june 22. Industry experts are closely monitoring the developments. More details are expected to be announced soon.","ICICIBANK announces board meeting on June 22 According to latest reports, icicibank announces board meeting on june 22. Industry experts are closely monitoring the developments. More details are expected to be announced soon.",Mint,https://example.com/news/6732
SBIN.NS,2025-06-22 09:09:37.511901,SBIN announces board meeting on June 22,"According to latest reports, sbin announces board meeting on june 22. Industry experts are closely monitoring the developments. More details are expected to be announced soon.","SBIN announces board meeting on June 22 According to latest reports, sbin announces board meeting on june 22. Industry experts are closely monitoring the developments. More details are expected to be announced soon.",NDTV,https://example.com/news/7996
BHARTIARTL.NS,2025-06-22 08:45:37.511901,BHARTIARTL holds investor conference call,"According to latest reports, bhartiartl holds investor conference call. Industry experts are closely monitoring the developments. More details are expected to be announced soon.","BHARTIARTL holds investor conference call According to latest reports, bhartiartl holds investor conference call. Industry experts are closely monitoring the developments. More details are expected to be announced soon.",MC,https://example.com/news/1224
TCS.NS,2025-06-22 04:38:37.511901,TCS signs deal worth ₹2030 crores,"According to latest reports, tcs signs deal worth ₹2030 crores. Industry experts are closely monitoring the developments. More details are expected to be announced soon.","TCS signs deal worth ₹2030 crores According to latest reports, tcs signs deal worth ₹2030 crores. Industry experts are closely monitoring the developments. More details are expected to be announced soon.",ET,https://example.com/news/5282
SBIN.NS,2025-06-20 22:56:37.511901,SBIN reports 18% increase in quarterly revenue,"According to latest reports, sbin reports 18% increase in quarterly revenue. Industry experts are closely monitoring the developments. More details are expected to be announced soon.","SBIN reports 18% increase in quarterly revenue According to latest reports, sbin reports 18% increase in quarterly revenue. Industry experts are closely monitoring the developments. More details are expected to be announced soon.",ET,https://example.com/news/5976
RELIANCE.NS,2025-06-20 07:53:37.511901,RELIANCE participates in industry conference,"According to latest reports, reliance participates in industry conference. Industry experts are closely monitoring the developments. More details are expected to be announced soon.","RELIANCE participates in industry conference According to latest reports, reliance participates in industry conference. Industry experts are closely monitoring the developments. More details are expected to be announced soon.",MC,https://example.com/news/2016
ITC.NS,2025-06-19 21:28:37.511901,ITC announces board meeting on June 19,"According to latest reports, itc announces board meeting on june 19. Industry experts are closely monitoring the developments. More details are expected to be announced soon.","ITC announces board meeting on June 19 According to latest reports, itc announces board meeting on june 19. Industry experts are closely monitoring the developments. More details are expected to be announced soon.",NDTV,https://example.com/news/1698
TCS.NS,2025-06-19 11:51:37.511901,TCS struggles with inflation in emerging,"According to latest reports, tcs struggles with inflation in emerging. Industry experts are closely monitoring the developments. More details are expected to be announced soon.","TCS struggles with inflation in emerging According to latest reports, tcs struggles with inflation in emerging. Industry experts are closely monitoring the developments. More details are expected to be announced soon.",Mint,https://example.com/news/6056
SBIN.NS,2025-06-18 22:07:37.511901,SBIN reports 8% increase in quarterly revenue,"According to latest reports, sbin reports 8% increase in quarterly revenue. Industry experts are closely monitoring the developments. More details are expected to be announced soon.","SBIN reports 8% increase in quarterly revenue According to latest reports, sbin reports 8% increase in quarterly revenue. Industry experts are closely monitoring the developments. More details are expected to be announced soon.",NDTV,https://example.com/news/2581
BHARTIARTL.NS,2025-06-18 21:23:37.511901,BHARTIARTL reports 9% increase in quarterly revenue,"According to latest reports, bhartiartl reports 9% increase in quarterly revenue. Industry experts are closely monitoring the developments. More details are expected to be announced soon.","BHARTIARTL reports 9% increase in quarterly revenue According to latest reports, bhartiartl reports 9% increase in quarterly revenue. Industry experts are closely monitoring the developments. More details are expected to be announced soon.",NDTV,https://example.com/news/4812
BHARTIARTL.NS,2025-06-18 09:15:37.511901,BHARTIARTL announces dividend payment schedule,"According to latest reports, bhartiartl announces dividend payment schedule. Industry experts are closely monitoring the developments. More details are expected to be announced soon.","BHARTIARTL announces dividend payment schedule According to latest reports, bhartiartl announces dividend payment schedule. Industry experts are closely monitoring the developments. More details are expected to be announced soon.",MC,https://example.com/news/9195
INFY.NS,2025-06-18 08:17:37.511901,INFY announces dividend payment schedule,"According to latest reports, infy announces dividend payment schedule. Industry experts are closely monitoring the developments. More details are expected to be announced soon.","INFY announces dividend payment schedule According to latest reports, infy announces dividend payment schedule. Industry experts are closely monitoring the developments. More details are expected to be announced soon.",ET,https://example.com/news/1098
RELIANCE.NS,2025-06-18 07:41:37.511901,RELIANCE CEO steps down after accounting,"According to latest reports, reliance ceo steps down after accounting. Industry experts are closely monitoring the developments. More details are expected to be announced soon.","RELIANCE CEO steps down after accounting According to latest reports, reliance ceo steps down after accounting. Industry experts are closely monitoring the developments. More details are expected to be announced soon.",MC,https://example.com/news/1161
SBIN.NS,2025-06-18 06:07:37.511901,"SBIN posts strong Q2 results, outlook positive","According to latest reports, sbin posts strong q2 results, outlook positive. Industry experts are closely monitoring the developments. More details are expected to be announced soon.","SBIN posts strong Q2 results, outlook positive According to latest reports, sbin posts strong q2 results, outlook positive. Industry experts are closely monitoring the developments. More details are expected to be announced soon.",MC,https://example.com/news/2077
HDFCBANK.NS,2025-06-18 04:48:37.511901,HDFCBANK participates in industry conference,"According to latest reports, hdfcbank participates in industry conference. Industry experts are closely monitoring the developments. More details are expected to be announced soon.","HDFCBANK participates in industry conference According to latest reports, hdfcbank participates in industry conference. Industry experts are closely monitoring the developments. More details are expected to be announced soon.",BS,https://example.com/news/3806
BHARTIARTL.NS,2025-06-16 07:30:37.511901,BHARTIARTL reports 9% increase in quarterly revenue,"According to latest reports, bhartiartl reports 9% increase in quarterly revenue. Industry experts are closely monitoring the developments. More details are expected to be announced soon.","BHARTIARTL reports 9% increase in quarterly revenue According to latest reports, bhartiartl reports 9% increase in quarterly revenue. Industry experts are closely monitoring the developments. More details are expected to be announced soon.",MC,https://example.com/news/5632
TCS.NS,2025-06-16 03:18:37.511901,TCS shares fall 17% on weak outlook,"According to latest reports, tcs shares fall 17% on weak outlook. Industry experts are closely monitoring the developments. More details are expected to be announced soon.","TCS shares fall 17% on weak outlook According to latest reports, tcs shares fall 17% on weak outlook. Industry experts are closely monitoring the developments. More details are expected to be announced soon.",MC,https://example.com/news/3693
TCS.NS,2025-06-15 05:30:37.511901,"TCS posts strong Q4 results, outlook positive","According to latest reports, tcs posts strong q4 results, outlook positive. Industry experts are closely monitoring the developments. More details are expected to be announced soon.","TCS posts strong Q4 results, outlook positive According to latest reports, tcs posts strong q4 results, outlook positive. Industry experts are closely monitoring the developments. More details are expected to be announced soon.",BS,https://example.com/news/8554
KOTAKBANK.NS,2025-06-14 06:58:37.511901,KOTAKBANK files quarterly compliance report,"According to latest reports, kotakbank files quarterly compliance report. Industry experts are closely monitoring the developments. More details are expected to be announced soon.","KOTAKBANK files quarterly compliance report According to latest reports, kotakbank files quarterly compliance report. Industry experts are closely monitoring the developments. More details are expected to be announced soon.",ET,https://example.com/news/4376
INFY.NS,2025-06-14 04:53:37.511901,INFY delays IPO due to market conditions,"According to latest reports, infy delays ipo due to market conditions. Industry experts are closely monitoring the developments. More details are expected to be announced soon.","INFY delays IPO due to market conditions According to latest reports, infy delays ipo due to market conditions. Industry experts are closely monitoring the developments. More details are expected to be announced soon.",Mint,https://example.com/news/4446
ICICIBANK.NS,2025-06-14 03:19:37.511901,ICICIBANK provides annual business update,"According to latest reports, icicibank provides annual business update. Industry experts are closely monitoring the developments. More details are expected to be announced soon.","ICICIBANK provides annual business update According to latest reports, icicibank provides annual business update. Industry experts are closely monitoring the developments. More details are expected to be announced soon.",MC,https://example.com/news/2693
INFY.NS,2025-06-13 23:27:37.511901,INFY holds investor conference call,"According to latest reports, infy holds investor conference call. Industry experts are closely monitoring the developments. More details are expected to be announced soon.","INFY holds investor conference call According to latest reports, infy holds investor conference call. Industry experts are closely monitoring the developments. More details are expected to be announced soon.",ET,https://example.com/news/2648
BHARTIARTL.NS,2025-06-13 19:02:37.511901,BHARTIARTL participates in industry conference,"According to latest reports, bhartiartl participates in industry conference. Industry experts are closely monitoring the developments. More details are expected to be announced soon.","BHARTIARTL participates in industry conference According to latest reports, bhartiartl participates in industry conference. Industry experts are closely monitoring the developments. More details are expected to be announced soon.",BS,https://example.com/news/8673
SBIN.NS,2025-06-13 09:57:37.511901,SBIN downgrades guidance amid inflation,"According to latest reports, sbin downgrades guidance amid inflation. Industry experts are closely monitoring the developments. More details are expected to be announced soon.","SBIN downgrades guidance amid inflation According to latest reports, sbin downgrades guidance amid inflation. Industry experts are closely monitoring the developments. More details are expected to be announced soon.",Mint,https://example.com/news/6124
TCS.NS,2025-06-13 09:26:37.511901,TCS announces board meeting on June 13,"According to latest reports, tcs announces board meeting on june 13. Industry experts are closely monitoring the developments. More details are expected to be announced soon.","TCS announces board meeting on June 13 According to latest reports, tcs announces board meeting on june 13. Industry experts are closely monitoring the developments. More details are expected to be announced soon.",BS,https://example.com/news/1502
SBIN.NS,2025-06-13 07:06:37.511901,SBIN files quarterly compliance report,"According to latest reports, sbin files quarterly compliance report. Industry experts are closely monitoring the developments. More details are expected to be announced soon.","SBIN files quarterly compliance report According to latest reports, sbin files quarterly compliance report. Industry experts are closely monitoring the developments. More details are expected to be announced soon.",BS,https://example.com/news/8570
BHARTIARTL.NS,2025-06-13 04:45:37.511901,BHARTIARTL reports 9% decline in profits,"According to latest reports, bhartiartl reports 9% decline in profits. Industry experts are closely monitoring the developments. More details are expected to be announced soon.","BHARTIARTL reports 9% decline in profits According to latest reports, bhartiartl reports 9% decline in profits. Industry experts are closely monitoring the developments. More details are expected to be announced soon.",BS,https://example.com/news/2619
SBIN.NS,2025-06-12 01:27:37.511901,SBIN launches innovative mobile service,"According to latest reports, sbin launches innovative mobile service. Industry experts are closely monitoring the developments. More details are expected to be announced soon.","SBIN launches innovative mobile service According to latest reports, sbin launches innovative mobile service. Industry experts are closely monitoring the developments. More details are expected to be announced soon.",NDTV,https://example.com/news/5809
INFY.NS,2025-06-11 12:18:37.511901,INFY announces board meeting on June 11,"According to latest reports, infy announces board meeting on june 11. Industry experts are closely monitoring the developments. More details are expected to be announced soon.","INFY announces board meeting on June 11 According to latest reports, infy announces board meeting on june 11. Industry experts are closely monitoring the developments. More details are expected to be announced soon.",MC,https://example.com/news/9120
BHARTIARTL.NS,2025-06-11 08:48:37.511901,BHARTIARTL updates on business operations,"According to latest reports, bhartiartl updates on business operations. Industry experts are closely monitoring the developments. More details are expected to be announced soon.","BHARTIARTL updates on business operations According to latest reports, bhartiartl updates on business operations. Industry experts are closely monitoring the developments. More details are expected to be announced soon.",Mint,https://example.com/news/8984
ITC.NS,2025-06-11 05:19:37.511901,ITC holds investor conference call,"According to latest reports, itc holds investor conference call. Industry experts are closely monitoring the developments. More details are expected to be announced soon.","ITC holds investor conference call According to latest reports, itc holds investor conference call. Industry experts are closely monitoring the developments. More details are expected to be announced soon.",NDTV,https://example.com/news/5107
