symbol,company,title,description,content,url,published_at,source
RELIANCE.NS,Reliance Industries,"Canara Bank withdraws order classifying Anil Ambani's loan account ‘fraudulent,’ informs Bombay High Court","Canara Bank withdraws order classifying Anil Ambani's loan account ‘fraudulent,’ informs Bombay High Court","Canara Bank on Thursday, 10 July 2025, informed the Bombay High Court that the institutional lender has withdrawn its order classifying Reliance Group founder Anil Ambani's loan account as fraudulent… [+93 chars]",https://www.livemint.com/industry/banking/canara-bank-withdraws-order-classifying-anil-ambanis-loan-account-fraudulent-informs-bombay-high-court-11752136539179.html,2025-07-10 08:49:01+00:00,Livemint
RELIANCE.NS,Reliance Industries,Debt isn’t the enemy: It offers many Indian households a lifeline,"The size and weight of debt burdens differ vastly by the livelihoods of debtors. These details of data offer cues for policy responses. Let’s expand the reach of formal loans, link health and credit policies, push for more productive borrowings, reform farmer…","As India marches towards its $5 trillion economic goal, the discourse around household debt tends to veer towards alarm. Rising indebtedness is often viewed as a red flaga symptom of financial stress… [+6601 chars]",https://www.livemint.com/opinion/online-views/india-household-debt-financial-inclusion-self-employed-informal-lending-debt-to-income-ratio-mudra-loans-jan-dhan-yojana-11752071798773.html,2025-07-10 08:30:18+00:00,Livemint
RELIANCE.NS,Reliance Industries,"To change the world, India Inc must stop hoarding cash and take more risks","A bet on smartphones in the 2000s turned Apple into one of the world's most valuable and influential companies, and Google's $1.65-billion buyout of YouTube in 2006 brought in more than $36 billion of revenue in 2024. Why are there are no such stories in Indi…","India Inc is sitting on an unprecedented mountain of cash. A Mint analysis of 285 listed entities (excluding banking, finance and insurance companies, which have some statutory cash requirements) sho… [+4987 chars]",https://www.livemint.com/opinion/online-views/india-inc-cash-reserves-corporate-cash-pile-india-fy25-corporate-profits-indian-companies-capex-nifty-500-cash-11752067174455.html,2025-07-10 03:30:10+00:00,Livemint
RELIANCE.NS,Reliance Industries,Ambani's Reliance Jio delays India IPO beyond this year: Report,"US-RELIANCE-JIO-INDIA-IPO:Exclusive-Ambani's Reliance Jio delays India IPO beyond this year, sources say","NEW DELHI/SYDNEY (Reuters) -Indian telecoms and digital giant Reliance Jio Platforms, led by billionaire Mukesh Ambani, has decided not to launch its planned IPO this year, delaying one of the countr… [+3768 chars]",https://www.livemint.com/companies/news/ambanis-reliance-jio-delays-india-ipo-beyond-this-year-report-11752071301806.html,2025-07-09 14:36:35+00:00,Livemint
RELIANCE.NS,Reliance Industries,Delhi HC cracks down on fraudsters using Reliance Retail's ‘Tira’ trademark to dupe customers: Here's what happened,"The Delhi High Court ruled against the unauthorised use of Reliance Retail's Tira trademark after a widespread scam of impersonation and fraud came to light. The court recorded over 8,900 victims of the scam from all over India.","The Delhi High Court has restrained various persons and entities from illicitly using Reliance Retail Limiteds Tira trademark.
The ruling on July 7, 2025, came in response to a trademark case filed … [+2641 chars]",https://www.livemint.com/companies/news/delhi-hc-cracks-down-on-fraudsters-using-reliance-retails-tira-trademark-to-dupe-customers-heres-what-happened-11752062517288.html,2025-07-09 13:24:22+00:00,Livemint
RELIANCE.NS,Reliance Industries,Balance please: Watch the ‘Masala’ pinch of an India-US mini trade deal,"As time ticks away for a mini India-US trade deal, New Delhi should resist getting caught in Trump’s tariff trap. He has shown a preference for ‘Masala’ deals: ‘Mutually Agreed Settlements Achieved through Leveraged Arm-twisting.’","World trade has turned into a reality show, with Trump pulling the strings and expecting countries to follow his lead. On 7 July 2025, US President Donald Trump escalated his trade offensive with a f… [+5675 chars]",https://www.livemint.com/opinion/online-views/donald-trump-tariffs-wto-rules-brics-summit-digital-trade-foreign-investment-h1b-visas-national-security-ethanol-imports-11752052787716.html,2025-07-09 10:59:04+00:00,Livemint
RELIANCE.NS,Reliance Industries,"From sweet to synthetic: Balrampur Chini's ₹2,850 crore plastic gamble","As climate risks and regulation squeeze the sugar industry, Balrampur Chini is betting big on biodegradable plastics to future-proof its business—but the path is far from risk-free.","Mumbai: With Indias sugar sector increasingly constrained by government price controls and climate volatility, Balrampur Chini Mills is making a 2,850-crore wager on a new growth engine: bioplastics.… [+6087 chars]",https://www.livemint.com/companies/news/balrampur-chini-cane-sugar-diversification-rs-2850-crore-pla-plant-biodegradable-plastic-11751981192785.html,2025-07-09 07:49:46+00:00,Livemint
RELIANCE.NS,Reliance Industries,"Madhav Sheth, who once led Realme to success in India, returns with a steep hill to climb","Can Madhav Sheth, who helped Chinese smartphone brand Realme emerge from obscurity in India, succeed in a market that even Reliance Jio hasn't been able to crack?","New Delhi: A new homegrown brand has announced its entry into Indias cutthroat smartphone market with two sub- 10,000 devices, aiming to convert the nearly 200 million users who still use feature pho… [+5419 chars]",https://www.livemint.com/industry/madhav-sheth-sub-10-000-smartphones-feature-phone-users-11751978289872.html,2025-07-08 14:42:07+00:00,Livemint
RELIANCE.NS,Reliance Industries,Mint Quick Edit | Opec’s scramble is doing India a good turn,The oil cartel plans to increase supply yet again in a lunge for market share as crude prices sag. This suits India fine.,"War clouds over Iran have cleared, even though US President Donald Trumps tariff policy has impacted global demand conditions. As it happens, both these factors favour crude oil consumers. 
On Monda… [+1211 chars]",https://www.livemint.com/opinion/online-views/brent-crude-opec-production-global-oil-market-india-imports-petroleum-prices-trade-disruption-opec-donald-trump-tariffs-11751899929367.html,2025-07-08 01:30:06+00:00,Livemint
RELIANCE.NS,Reliance Industries,"IndianOil preparing new strategy for N-power, not interested in Nayara stake: Chairman Sahney","Ten years ago, Indian Oil tied up with NPCIL for a nuclear power project, but that did not make headway. Now, the refiner is taking a fresh look at N-power, at a time the sector is back in the spotlight.","Indian Oil Corp. Ltd is preparing a new strategy to build small modular reactors (SMR) and large nuclear power plants in the country, chairman Arvinder Singh Sahney said.
India's largest oil refiner… [+3850 chars]",https://www.livemint.com/companies/news/indian-oil-preparing-new-strategy-nuclear-power-not-interested-acquiring-stake-in-nayara-indianoil-chairman-arvinder-11751796795142.html,2025-07-08 00:00:19+00:00,Livemint
RELIANCE.NS,Reliance Industries,Andy Mukherjee: Why imports of American gas by Reliance make all-round strategic sense,"The company has a cracker facility in Gujarat to get polymers from ethane. This is more efficient than cracking crude oil for raw materials to make plastics. Plus, it would please the White House amid trade talks between Washington and New Delhi.","From Ottawa to Beijing, US President Donald Trumps trade war has made many enemies. But it has also won America some allies. Asias richest tycoon is preparing to welcome US cargo originally meant for… [+4870 chars]",https://www.livemint.com/opinion/online-views/us-ethane-exports-reliance-mukesh-ambani-ongc-deal-qatarenergy-supply-gail-dahej-terminal-ethylene-blending-india-trade-11751873176141.html,2025-07-07 09:30:15+00:00,Livemint
RELIANCE.NS,Reliance Industries,THESE credit cards offer reward points on payment of insurance premium,"Here, we list out some credit cards which offer reward points on the payment of insurance premium","Credit card users can use their cards for the payment of insurance premium and earn reward points. However these payments can be subject to certain caps and conditions. Here, we list out names of som… [+3214 chars]",https://www.livemint.com/money/personal-finance/these-credit-cards-offer-reward-points-on-payment-of-insurance-premium-11751626182399.html,2025-07-07 04:11:00+00:00,Livemint
RELIANCE.NS,Reliance Industries,AI can now access your stock holdings. But can it replace your portfolio manager?,Use of tools like Claude AI to analyse portfolios and get buy and sell stock recommendations pose a new challenge for advisors and investment managers.,Some Indian investors are now asking artificial intelligence (AI) assistants to tell them which stocks to buy and selldirectly from inside their trading accounts. This new frontier in retail investin… [+11128 chars],https://www.livemint.com/money/personal-finance/ai-stock-recommendations-portfolio-analysis-advisor-zerodha-claude-mcp-sebi-regulation-11751782337955.html,2025-07-06 11:54:28+00:00,Livemint
RELIANCE.NS,Reliance Industries,Green deficit: Indian logistics must clean up its act before time runs out,This crucial sector could let India’s growth story down if it doesn’t work fast to reduce greenhouse gas emissions. It’s time for some serious financial remodelling to tackle this challenge.,Indias logistics sector stands at an inflexion point where the climate crisis has changed from an environmental concern to an existential business imperative. This is visible not just in flooded high… [+5795 chars],https://www.livemint.com/opinion/online-views/india-logistics-climate-change-supply-chain-resilience-decarbonization-electric-vehicles-road-freight-emissions-ghgs-11751775854442.html,2025-07-06 08:30:09+00:00,Livemint
RELIANCE.NS,Reliance Industries,Hydration vs hype: Who really needs electrolytes?,"The eight-glasses-a-day prescription is long gone. In the age of longevity and #watertok, minerals, salts and antioxidants are fuelling the hydration drinks market, and it seems everyone has a reason to seek its promised ‘cellular’ benefits.","A sachet that carries lofty promises can sometimes kill you. Parth Shivendra, 47, a software professional in Bengaluru, who is also a marathon and triathlon runner, almost died last year when he cons… [+16407 chars]",https://www.livemint.com/opinion/hydration-vs-hype-who-really-needs-electrolytes-11751614824894.html,2025-07-05 01:30:18+00:00,Livemint
RELIANCE.NS,Reliance Industries,Why are we so invested in Jurassic Park and Jurassic World sagas? A deep dive,"Jurassic World: Rebirth imagines dino DNA as the key to future medicines, wrapped in an over-the-top sci-fi adventure. Despite thrilling action sequences on land and sea, the plot feels absurd and disjointed. Even a star cast can't save this film from its own…","The moment Dr Alan Grant removed his sunglasses and stared at the long necked Brachiosaurus the world fell in love with the concept of Jurassic Park. We didnt just go to the movies, we were there in … [+10064 chars]",https://www.livemint.com/money/personal-finance/why-are-we-so-invested-in-jurassic-park-and-jurassic-world-sagas-a-deep-dive-jurassic-world-rebirth-11751610883341.html,2025-07-04 06:57:16+00:00,Livemint
TCS.NS,Tata Consultancy Services,"To change the world, India Inc must stop hoarding cash and take more risks","A bet on smartphones in the 2000s turned Apple into one of the world's most valuable and influential companies, and Google's $1.65-billion buyout of YouTube in 2006 brought in more than $36 billion of revenue in 2024. Why are there are no such stories in Indi…","India Inc is sitting on an unprecedented mountain of cash. A Mint analysis of 285 listed entities (excluding banking, finance and insurance companies, which have some statutory cash requirements) sho… [+4987 chars]",https://www.livemint.com/opinion/online-views/india-inc-cash-reserves-corporate-cash-pile-india-fy25-corporate-profits-indian-companies-capex-nifty-500-cash-11752067174455.html,2025-07-10 03:30:10+00:00,Livemint
TCS.NS,Tata Consultancy Services,"Coforge emulates Cognizant, Infosys in on-site consulting push to fuel growth","Coforge is adopting strategies similar to Cognizant and Infosys' by placing business consultants at client sites to increase revenue. This approach aims to create tailored solutions by understanding client challenges, and driving proactive deals rather than w…","Coforge Ltd, formerly NIIT Technologies, is taking a leaf out of Cognizant Technology Solutions Corp and Infosys Ltds proven business strategy, as the information technology (IT) services company loo… [+7817 chars]",https://www.livemint.com/companies/news/coforge-takes-a-leaf-from-cognizant-and-infosys-playbook-11752037686287.html,2025-07-09 14:10:04+00:00,Livemint
TCS.NS,Tata Consultancy Services,TCS results preview: CEO Krithivasan faces litmus test amid macro uncertainty and slow growth,"TCS has seen growth decline in the past three years, two of which have been under Krithivasan, and reported the slowest growth amongst India's top three IT firms in FY25. Mint takes a look at five issues analysts and investors will follow closely during its e…","Bengaluru: A month after former Tata Consultancy Services (TCS) chief operating officer Natarajan Ganapathy Subramaniam retired in May 2024, chief executive K Krithivasan said the company would not h… [+6964 chars]",https://www.livemint.com/companies/company-results/tcs-results-tcs-earnings-tata-consultancy-services-k-krithivasan-aarthi-subramanian-coo-mangesh-sathe-cso-tcs-bsnl-11752048984386.html,2025-07-09 09:09:26+00:00,Livemint
TCS.NS,Tata Consultancy Services,Retail funds in GIFT City: What investors must know about tax implications,The launch of India’s first open-ended retail fund in GIFT City opens a new investment avenue—but leaves Indian investors grappling with unclear tax treatment under existing trust taxation norms.,"A new global gateway has opened for Indian retail investors. 
A GIFT City-based subsidiary of an Indian mutual fund has launched the countrys first open-ended retail fund under the International Fin… [+4495 chars]",https://www.livemint.com/money/personal-finance/retail-funds-in-gift-city-what-investors-must-know-about-tax-implications-11751959812216.html,2025-07-09 06:42:23+00:00,Livemint
TCS.NS,Tata Consultancy Services,Why JLR’s sales slowdown could hit Tata Technologies and Tata Elxsi,"Jaguar Land Rover's recent sales decline poses risks for Tata Elxsi and Tata Technologies, as over 20% of their revenues comes from JLR. Analysts forecast further setbacks due to tariff uncertainties and reduced earnings, affecting future growth prospects.","Already facing a slowdown in business from European auto firms and competition from Chinese counterparts, at least three analysts said that Tata Group's engineering, research and development (ER&amp;… [+5230 chars]",https://www.livemint.com/companies/jaguar-land-rover-jlr-slowdown-tata-group-er-d-companies-elxsi-technologies-tata-motors-donald-trump-11751974529407.html,2025-07-09 03:30:12+00:00,Livemint
TCS.NS,Tata Consultancy Services,Top-tier IT cos to see modest Q1 growth; mid-tier firms poised to outperform: IT analysts,Top-tier IT cos to see modest Q1 growth; mid-tier firms poised to outperform: IT analysts,"New Delhi, Jul 8 (PTI) Top Indian IT companies are bracing for a ""modest"" Q1 FY26, hurt by sluggish demand in various verticals, such as consumer and manufacturing segments, but mid-tier firms should… [+3696 chars]",https://www.livemint.com/companies/company-results/toptier-it-cos-to-see-modest-q1-growth-mid-tier-firms-poised-to-outperform-it-analysts-11751977853477.html,2025-07-08 12:30:52+00:00,Livemint
TCS.NS,Tata Consultancy Services,"Accenture, an Indian IT bellwether? Scale, structure, and AI demand more nuance","Accenture’s results often lead to sharp reactions in the stocks of Indian IT services companies. However, the Dublin-headquartered tech and consulting major differs from Indian IT firms in several ways, warranting a closer look beyond its quarterly numbers.","When Accenture shared a disappointing metric in its recent quarterly earnings, stocks of information technology (IT) services companies in India felt the impact. The Dublin-headquartered tech and con… [+4656 chars]",https://www.livemint.com/companies/accenture-q3-earnings-accenture-share-price-indian-it-stocks-it-services-market-india-nifty-it-11751900056360.html,2025-07-08 01:30:06+00:00,Livemint
TCS.NS,Tata Consultancy Services,Siddharth Pai: India’s IT firms have a unique opportunity in AI’s trust deficit,"Indian IT majors needn’t be at the receiving end of an AI revolution. As trust in AI is a big global worry, the use of generative AI under human supervision can generate the assurances that clients need. Domestic software companies are well placed for this.",Indian IT services firms are confronting a challenge with AI set to decimate their computer programming work. But an interesting vacuum will be created by AIs steady march into computer code: the AI … [+5650 chars],https://www.livemint.com/opinion/online-views/indian-it-services-generative-ai-trust-deficit-human-oversight-jobs-tcs-mindtree-github-copilot-ibm-accenture-technology-11751796038819.html,2025-07-07 10:30:17+00:00,Livemint
INFY.NS,Infosys,"To change the world, India Inc must stop hoarding cash and take more risks","A bet on smartphones in the 2000s turned Apple into one of the world's most valuable and influential companies, and Google's $1.65-billion buyout of YouTube in 2006 brought in more than $36 billion of revenue in 2024. Why are there are no such stories in Indi…","India Inc is sitting on an unprecedented mountain of cash. A Mint analysis of 285 listed entities (excluding banking, finance and insurance companies, which have some statutory cash requirements) sho… [+4987 chars]",https://www.livemint.com/opinion/online-views/india-inc-cash-reserves-corporate-cash-pile-india-fy25-corporate-profits-indian-companies-capex-nifty-500-cash-11752067174455.html,2025-07-10 03:30:10+00:00,Livemint
INFY.NS,Infosys,"Coforge emulates Cognizant, Infosys in on-site consulting push to fuel growth","Coforge is adopting strategies similar to Cognizant and Infosys' by placing business consultants at client sites to increase revenue. This approach aims to create tailored solutions by understanding client challenges, and driving proactive deals rather than w…","Coforge Ltd, formerly NIIT Technologies, is taking a leaf out of Cognizant Technology Solutions Corp and Infosys Ltds proven business strategy, as the information technology (IT) services company loo… [+7817 chars]",https://www.livemint.com/companies/news/coforge-takes-a-leaf-from-cognizant-and-infosys-playbook-11752037686287.html,2025-07-09 14:10:04+00:00,Livemint
INFY.NS,Infosys,TCS results preview: CEO Krithivasan faces litmus test amid macro uncertainty and slow growth,"TCS has seen growth decline in the past three years, two of which have been under Krithivasan, and reported the slowest growth amongst India's top three IT firms in FY25. Mint takes a look at five issues analysts and investors will follow closely during its e…","Bengaluru: A month after former Tata Consultancy Services (TCS) chief operating officer Natarajan Ganapathy Subramaniam retired in May 2024, chief executive K Krithivasan said the company would not h… [+6964 chars]",https://www.livemint.com/companies/company-results/tcs-results-tcs-earnings-tata-consultancy-services-k-krithivasan-aarthi-subramanian-coo-mangesh-sathe-cso-tcs-bsnl-11752048984386.html,2025-07-09 09:09:26+00:00,Livemint
INFY.NS,Infosys,Former UK PM Rishi Sunak joins Goldman Sachs: A look at his new role and responsibilities,"Rishi Sunak, former UK Prime Minister, will join Goldman Sachs as a senior adviser, marking his return to the firm after 21 years. His role involves advising clients on geopolitical and economic issues while also interacting with people around the world.&nbsp;","Former UK Prime Minister Rishi Sunak is set to join Goldman Sachs as a senior adviser, in his first major role after resigning as Conservative party leader last year.
Sunak will be returning to the … [+1971 chars]",https://www.livemint.com/companies/news/former-uk-pm-rishi-sunak-joins-goldman-sachs-a-look-at-his-new-role-and-responsibilities-11751983383814.html,2025-07-08 14:18:59+00:00,Livemint
INFY.NS,Infosys,Top-tier IT cos to see modest Q1 growth; mid-tier firms poised to outperform: IT analysts,Top-tier IT cos to see modest Q1 growth; mid-tier firms poised to outperform: IT analysts,"New Delhi, Jul 8 (PTI) Top Indian IT companies are bracing for a ""modest"" Q1 FY26, hurt by sluggish demand in various verticals, such as consumer and manufacturing segments, but mid-tier firms should… [+3696 chars]",https://www.livemint.com/companies/company-results/toptier-it-cos-to-see-modest-q1-growth-mid-tier-firms-poised-to-outperform-it-analysts-11751977853477.html,2025-07-08 12:30:52+00:00,Livemint
INFY.NS,Infosys,"Bengaluru’s Electronics City Metro: 3 trains, 7 stations, BMRCL charts August launch plan","The fully elevated 19-km Yellow Line, connecting RV Road and Bommasandra with 16 stations, was originally scheduled for completion in December 2021 but has missed multiple deadlines.","Under pressure to open the much-delayed Electronics City Metro, Bengaluru Metro Rail Corporation Ltd (BMRCL) is now charting plans to begin operations with three available trains by the end of August… [+4288 chars]",https://www.moneycontrol.com/news/india/bengaluru-s-electronics-city-metro-3-trains-7-stations-bmrcl-charts-august-launch-plan-13242038.html,2025-07-08 09:53:18+00:00,Moneycontrol
INFY.NS,Infosys,"Accenture, an Indian IT bellwether? Scale, structure, and AI demand more nuance","Accenture’s results often lead to sharp reactions in the stocks of Indian IT services companies. However, the Dublin-headquartered tech and consulting major differs from Indian IT firms in several ways, warranting a closer look beyond its quarterly numbers.","When Accenture shared a disappointing metric in its recent quarterly earnings, stocks of information technology (IT) services companies in India felt the impact. The Dublin-headquartered tech and con… [+4656 chars]",https://www.livemint.com/companies/accenture-q3-earnings-accenture-share-price-indian-it-stocks-it-services-market-india-nifty-it-11751900056360.html,2025-07-08 01:30:06+00:00,Livemint
HDFCBANK.NS,HDFC Bank,7 smart ways to maximise credit card cashback and rewards in 2025,"Maximise credit card cashback and rewards with smart spending, card selection, bonus tracking, and full payments to enhance savings and avoid interest in the nation’s evolving credit landscape.","Credit card usage in the country is growing fast. There were 11.12 crore cards in use as of May 2025, up 7.64% from last year, according to a recent reportby Angel One. HDFC Bank added the most new c… [+3413 chars]",https://www.livemint.com/money/personal-finance/7-smart-ways-to-maximise-credit-card-cashback-and-rewards-in-2025-11752125369992.html,2025-07-10 07:14:59+00:00,Livemint
HDFCBANK.NS,HDFC Bank,"HDFC Bank personal loan interest rate July: Check latest rates, fees, and eligibility","HDFC Bank personal loan interest rates for July 2025 range from 10.90% to 24% p.a., with flexible tenure, eligibility based on credit score, income, and minimal documentation.","HDFC Bank offers personal loans to both salaried and self-employed individuals. The bank provides digital loan processing with limited documentation requirements and flexible repayment tenures.
Thes… [+3569 chars]",https://www.livemint.com/money/personal-finance/hdfc-bank-personal-loan-interest-rate-july-check-latest-rates-fees-and-eligibility-11752056523492.html,2025-07-09 10:50:54+00:00,Livemint
HDFCBANK.NS,HDFC Bank,What happens if you default on a personal loan repayment? Know the consequences,"A default on personal loan repayment can result in late payment charges, credit score damage, calls/visits from recovery agents, bank legal action, difficulty in getting new credit, etc.","With the advancement in technology, these days, personal loans are available easily at the click of a button. In many cases, you dont even need to approach banks for a personal loan. Banks themselves… [+6105 chars]",https://www.livemint.com/money/personal-finance/what-happens-if-you-default-on-a-personal-loan-repayment-know-the-consequences-11752056269613.html,2025-07-09 10:37:01+00:00,Livemint
HDFCBANK.NS,HDFC Bank,Fixed deposit rates July 2025: THESE banks are offering the highest interest rates,"Fixed deposit interest rates in July 2025 remain attractive, with small finance banks offering up to 8.50%, while major banks like SBI and HDFC prioritise safety and steady returns.","Fixed deposit interest rates in July 2025 continue to attract conservative investors looking for safe and assured returns. In the current uncertain interest rate environment, fixed deposits remain a … [+2524 chars]",https://www.livemint.com/money/personal-finance/fixed-deposit-rates-july-2025-these-banks-are-offering-the-highest-interest-rates-fds-11752051427593.html,2025-07-09 10:08:10+00:00,Livemint
HDFCBANK.NS,HDFC Bank,Public sector banks may scrap minimum balance fines: These PSU banks have waived the penalty,PSBs are in talks with the Finance Ministry to reconsider their stance of mandating customers to maintain a minimum balance in their savings deposit accounts amid the falling share of CASA deposits in the banks.&nbsp;,Public Sector Banks (PSBs) are in discussions with the Ministry of Finance to reconsider their stance of mandating customers to maintain a minimum balance in their savings deposit accounts amid the f… [+3303 chars],https://www.livemint.com/industry/banking/public-sector-banks-may-scrap-minimum-balance-fines-these-psu-banks-have-waived-the-penalty-11751878366974.html,2025-07-07 09:49:36+00:00,Livemint
HDFCBANK.NS,HDFC Bank,THESE credit cards offer reward points on payment of insurance premium,"Here, we list out some credit cards which offer reward points on the payment of insurance premium","Credit card users can use their cards for the payment of insurance premium and earn reward points. However these payments can be subject to certain caps and conditions. Here, we list out names of som… [+3214 chars]",https://www.livemint.com/money/personal-finance/these-credit-cards-offer-reward-points-on-payment-of-insurance-premium-11751626182399.html,2025-07-07 04:11:00+00:00,Livemint
HDFCBANK.NS,HDFC Bank,Banks’ deposit growth picks up pace in Q1 even as credit growth remains sluggish,Banks are also likely to have gone slower on lending in Q1–a strategy continued from Q4 FY25–as they braced for the impact of the successive rate cuts by the Reserve Bank of India and tried to minimize the impact on their margins.,"Mumbai: Deposit growth at banks picked up pace in the first quarter of the current financial year, even as credit growth continued to be sluggish, initial business updates show.
Of the lenders that … [+4588 chars]",https://www.livemint.com/industry/banking/banks-deposit-growth-picks-up-pace-in-q1-even-as-credit-growth-remains-sluggish-11751633027870.html,2025-07-04 14:33:26+00:00,Livemint
HDFCBANK.NS,HDFC Bank,Supreme Court refuses to hear HDFC Bank CEO Sashidhar Jagdishan's plea seeking to quash Lilavati Trust FIR,"HDFC Bank’s managing director and chief executive, Sashidhar Jagdishan approached the Supreme Court after three Bombay high court judges recused themselves from hearing the matter related to Lilavati Trust FIR.","New Delhi: The Supreme Court on Friday dismissed a plea by HDFC Banks managing director and chief executive, Sashidhar Jagdishan, seeking an urgent hearing on his petition to quash an FIR lodged agai… [+3734 chars]",https://www.livemint.com/news/india/supreme-court-refuses-to-hear-hdfc-bank-ceo-sashidhar-jagdishans-plea-seeking-to-quash-lilavati-trust-fir-11751613226545.html,2025-07-04 07:16:40+00:00,Livemint
ICICIBANK.NS,ICICI Bank,7 smart ways to maximise credit card cashback and rewards in 2025,"Maximise credit card cashback and rewards with smart spending, card selection, bonus tracking, and full payments to enhance savings and avoid interest in the nation’s evolving credit landscape.","Credit card usage in the country is growing fast. There were 11.12 crore cards in use as of May 2025, up 7.64% from last year, according to a recent reportby Angel One. HDFC Bank added the most new c… [+3413 chars]",https://www.livemint.com/money/personal-finance/7-smart-ways-to-maximise-credit-card-cashback-and-rewards-in-2025-11752125369992.html,2025-07-10 07:14:59+00:00,Livemint
ICICIBANK.NS,ICICI Bank,What happens if you default on a personal loan repayment? Know the consequences,"A default on personal loan repayment can result in late payment charges, credit score damage, calls/visits from recovery agents, bank legal action, difficulty in getting new credit, etc.","With the advancement in technology, these days, personal loans are available easily at the click of a button. In many cases, you dont even need to approach banks for a personal loan. Banks themselves… [+6105 chars]",https://www.livemint.com/money/personal-finance/what-happens-if-you-default-on-a-personal-loan-repayment-know-the-consequences-11752056269613.html,2025-07-09 10:37:01+00:00,Livemint
ICICIBANK.NS,ICICI Bank,Fixed deposit rates July 2025: THESE banks are offering the highest interest rates,"Fixed deposit interest rates in July 2025 remain attractive, with small finance banks offering up to 8.50%, while major banks like SBI and HDFC prioritise safety and steady returns.","Fixed deposit interest rates in July 2025 continue to attract conservative investors looking for safe and assured returns. In the current uncertain interest rate environment, fixed deposits remain a … [+2524 chars]",https://www.livemint.com/money/personal-finance/fixed-deposit-rates-july-2025-these-banks-are-offering-the-highest-interest-rates-fds-11752051427593.html,2025-07-09 10:08:10+00:00,Livemint
ICICIBANK.NS,ICICI Bank,Public sector banks may scrap minimum balance fines: These PSU banks have waived the penalty,PSBs are in talks with the Finance Ministry to reconsider their stance of mandating customers to maintain a minimum balance in their savings deposit accounts amid the falling share of CASA deposits in the banks.&nbsp;,Public Sector Banks (PSBs) are in discussions with the Ministry of Finance to reconsider their stance of mandating customers to maintain a minimum balance in their savings deposit accounts amid the f… [+3303 chars],https://www.livemint.com/industry/banking/public-sector-banks-may-scrap-minimum-balance-fines-these-psu-banks-have-waived-the-penalty-11751878366974.html,2025-07-07 09:49:36+00:00,Livemint
ICICIBANK.NS,ICICI Bank,THESE credit cards offer reward points on payment of insurance premium,"Here, we list out some credit cards which offer reward points on the payment of insurance premium","Credit card users can use their cards for the payment of insurance premium and earn reward points. However these payments can be subject to certain caps and conditions. Here, we list out names of som… [+3214 chars]",https://www.livemint.com/money/personal-finance/these-credit-cards-offer-reward-points-on-payment-of-insurance-premium-11751626182399.html,2025-07-07 04:11:00+00:00,Livemint
ICICIBANK.NS,ICICI Bank,"Business credit card: Features, eligibility, fees and how it works","Business credit cards serve to manage business expenses, maintaining a clear distinction from personal transactions. Offered by various banks with different fees, they enhance cash flow and simplify financial management for businesses, freelancers, and employ…","Managing spending is crucial for freelancers, small businesses, start-up founders, and employees in growing companies. Business credit cards allow spending management for business-related expenses wi… [+4522 chars]",https://www.livemint.com/money/personal-finance/business-credit-card-features-eligibility-fees-and-how-it-works-best-credit-cards-11751612586986.html,2025-07-04 07:36:53+00:00,Livemint
ITC.NS,ITC Limited,Ventive Hospitality to open six hotels with Marriott in India by 2030,"Ventive Hospitality and Marriott will add six new hotels in India, boosting Marriott’s portfolio by 1,600 rooms. Ventive aims to double room capacity to over 4,000 in five years with a  ₹2,500 crore investment.","New Delhi: Panchshil group and Blackstone-backed Ventive Hospitality Ltd, a listed hotel development and management business, will add six new hotels to its portfolio in partnership with Marriott Int… [+4212 chars]",https://www.livemint.com/companies/news/ventive-hospitality-marriott-in-india-india-hospitality-sector-indian-hotel-industry-11751954243105.html,2025-07-08 08:02:18+00:00,Livemint
ITC.NS,ITC Limited,"Hotel deals more than double in Jan-June to $225 mn, but momentum could weaken","Deals worth $225 million have already been closed in January-June this year, more than doubling from $93 million recorded in the same period of 2024, according to data from property and real estate consultancy JLL Hotels and Hospitality Group shared exclusive…","Indias hotel industry saw hectic dealmaking in the first six months of 2025 amid bets rising affluence will continue to drive travel and tourism demand in the world's fifth-largest economy. 
Deals w… [+7379 chars]",https://www.livemint.com/companies/news/hotel-deals-more-than-double-in-jan-june-to-225-mn-but-momentum-could-weaken-11751776266266.html,2025-07-07 12:41:35+00:00,Livemint
ITC.NS,ITC Limited,"Patchy summer, shifting demand: Dabur, Marico, Godrej likely saw diverging fortunes in Q1 sales",Unseasonal rains hurt beverage sales even as home care and edible oils reported strong growth in Q1. FMCG firms have now pinned hopes on H2 recovery led by festival demand and softer input costs.,"New Delhi: Consumer goods makers Dabur India Ltd, Marico Ltd, and Godrej Consumer Products Ltd are expected to report contrasting demand patterns for their products in the June quarter, with robust s… [+6473 chars]",https://www.livemint.com/industry/dabur-marico-godrej-consumer-goods-divergent-demand-trends-in-fmcg-sector-for-june-quarter-11751626753919.html,2025-07-06 04:39:22+00:00,Livemint
BHARTIARTL.NS,Bharti Airtel,Vodafone lenders worried about the fate of loans as telco seeks more debt,"While banks seem reluctant, the company is actively chasing loans. Akshaya Moondra, chief executive officer, Vodafone Idea told analysts on 2 June that the “primary source of fundraising remains bank borrowing”, which the telco is working on.","Mumbai: Lenders to Vodafone Idea Ltd are worried that the telecom operator which is trying to borrow 35,000 crore more may prioritize paying its government debts over its new bank loans, a person awa… [+5220 chars]",https://www.livemint.com/companies/news/vodafone-lenders-worried-about-the-fate-of-loans-even-as-telco-seeks-more-debt-11751461033204.html,2025-07-04 00:45:08+00:00,Livemint
AXISBANK.NS,Axis Bank,7 smart ways to maximise credit card cashback and rewards in 2025,"Maximise credit card cashback and rewards with smart spending, card selection, bonus tracking, and full payments to enhance savings and avoid interest in the nation’s evolving credit landscape.","Credit card usage in the country is growing fast. There were 11.12 crore cards in use as of May 2025, up 7.64% from last year, according to a recent reportby Angel One. HDFC Bank added the most new c… [+3413 chars]",https://www.livemint.com/money/personal-finance/7-smart-ways-to-maximise-credit-card-cashback-and-rewards-in-2025-11752125369992.html,2025-07-10 07:14:59+00:00,Livemint
AXISBANK.NS,Axis Bank,"Loan against securities vs personal loan: What’s cheaper, faster and safer?","Check out key differences between personal loans and loans against securities (LAS), including interest rates, collateral requirements, repayment flexibility, and risk factors to make informed borrowing decisions.",The choice between a loan against securities (LAS) and a personal loan is rapidly gaining traction nationwide. This is happening as aspirational borrowers are seeking the best fit for their financial… [+4340 chars],https://www.livemint.com/money/personal-finance/loan-against-securities-vs-personal-loan-pros-cons-and-key-differences-you-must-know-11751959812709.html,2025-07-08 07:56:21+00:00,Livemint
AXISBANK.NS,Axis Bank,"7 best super-premium credit cards with top travel, dining, and golf perks","Super-premium credit cards, like Axis Bank Primus and HSBC Taj, cater to those seeking luxury and unique experiences. They provide exclusive benefits, but mid-tier cards may offer better value for modest spenders.","High-end credit cards are well-suited for people who want the exclusivity and luxury, complete with the best financial benefits. They offer more than just a credit card by granting access to opportun… [+5723 chars]",https://www.livemint.com/money/personal-finance/7-best-super-premium-credit-cards-with-top-travel-dining-and-golf-perks-11751955789873.html,2025-07-08 07:25:13+00:00,Livemint
AXISBANK.NS,Axis Bank,How to use credit cards smartly to earn rewards on UPI transactions,"Are you ready to turn your UPI payments into cashback? This article dives into the world of UPI credit cards, and how you can benefit from them.","UPI has become the most preferred mode of digital payments in India, quick, seamless, and accepted almost everywhere. What if you could turn those everyday QR code scans into cashback?
Thanks to a m… [+5012 chars]",https://www.livemint.com/money/personal-finance/upi-credit-card-cashback-rupay-credit-card-upi-credit-card-india-credit-card-on-upi-payments-11751876131489.html,2025-07-08 00:30:01+00:00,Livemint
AXISBANK.NS,Axis Bank,Public sector banks may scrap minimum balance fines: These PSU banks have waived the penalty,PSBs are in talks with the Finance Ministry to reconsider their stance of mandating customers to maintain a minimum balance in their savings deposit accounts amid the falling share of CASA deposits in the banks.&nbsp;,Public Sector Banks (PSBs) are in discussions with the Ministry of Finance to reconsider their stance of mandating customers to maintain a minimum balance in their savings deposit accounts amid the f… [+3303 chars],https://www.livemint.com/industry/banking/public-sector-banks-may-scrap-minimum-balance-fines-these-psu-banks-have-waived-the-penalty-11751878366974.html,2025-07-07 09:49:36+00:00,Livemint
AXISBANK.NS,Axis Bank,Private equity giants circle Axis Finance in potential $1 billion deal,"Axis Bank has initiated the sale process as it seeks to comply with proposed RBI regulations that require scheduled commercial banks to reduce their stake in subsidiaries, including NBFCs","Global and domestic private equity firms including Blackstone, Kedaara Capital, Advent International, and Warburg Pincus are in talks to acquire a 40100% stake in Axis Finance, the non-banking financ… [+2894 chars]",https://www.livemint.com/companies/news/private-equity-giants-circle-axis-finance-in-potential-1-billion-deal-11751874520872.html,2025-07-07 08:27:42+00:00,Livemint
AXISBANK.NS,Axis Bank,THESE credit cards offer reward points on payment of insurance premium,"Here, we list out some credit cards which offer reward points on the payment of insurance premium","Credit card users can use their cards for the payment of insurance premium and earn reward points. However these payments can be subject to certain caps and conditions. Here, we list out names of som… [+3214 chars]",https://www.livemint.com/money/personal-finance/these-credit-cards-offer-reward-points-on-payment-of-insurance-premium-11751626182399.html,2025-07-07 04:11:00+00:00,Livemint
AXISBANK.NS,Axis Bank,"Business credit card: Features, eligibility, fees and how it works","Business credit cards serve to manage business expenses, maintaining a clear distinction from personal transactions. Offered by various banks with different fees, they enhance cash flow and simplify financial management for businesses, freelancers, and employ…","Managing spending is crucial for freelancers, small businesses, start-up founders, and employees in growing companies. Business credit cards allow spending management for business-related expenses wi… [+4522 chars]",https://www.livemint.com/money/personal-finance/business-credit-card-features-eligibility-fees-and-how-it-works-best-credit-cards-11751612586986.html,2025-07-04 07:36:53+00:00,Livemint
AXISBANK.NS,Axis Bank,Vodafone lenders worried about the fate of loans as telco seeks more debt,"While banks seem reluctant, the company is actively chasing loans. Akshaya Moondra, chief executive officer, Vodafone Idea told analysts on 2 June that the “primary source of fundraising remains bank borrowing”, which the telco is working on.","Mumbai: Lenders to Vodafone Idea Ltd are worried that the telecom operator which is trying to borrow 35,000 crore more may prioritize paying its government debts over its new bank loans, a person awa… [+5220 chars]",https://www.livemint.com/companies/news/vodafone-lenders-worried-about-the-fate-of-loans-even-as-telco-seeks-more-debt-11751461033204.html,2025-07-04 00:45:08+00:00,Livemint
HCLTECH.NS,HCL Technologies,"Coforge emulates Cognizant, Infosys in on-site consulting push to fuel growth","Coforge is adopting strategies similar to Cognizant and Infosys' by placing business consultants at client sites to increase revenue. This approach aims to create tailored solutions by understanding client challenges, and driving proactive deals rather than w…","Coforge Ltd, formerly NIIT Technologies, is taking a leaf out of Cognizant Technology Solutions Corp and Infosys Ltds proven business strategy, as the information technology (IT) services company loo… [+7817 chars]",https://www.livemint.com/companies/news/coforge-takes-a-leaf-from-cognizant-and-infosys-playbook-11752037686287.html,2025-07-09 14:10:04+00:00,Livemint
HCLTECH.NS,HCL Technologies,TCS results preview: CEO Krithivasan faces litmus test amid macro uncertainty and slow growth,"TCS has seen growth decline in the past three years, two of which have been under Krithivasan, and reported the slowest growth amongst India's top three IT firms in FY25. Mint takes a look at five issues analysts and investors will follow closely during its e…","Bengaluru: A month after former Tata Consultancy Services (TCS) chief operating officer Natarajan Ganapathy Subramaniam retired in May 2024, chief executive K Krithivasan said the company would not h… [+6964 chars]",https://www.livemint.com/companies/company-results/tcs-results-tcs-earnings-tata-consultancy-services-k-krithivasan-aarthi-subramanian-coo-mangesh-sathe-cso-tcs-bsnl-11752048984386.html,2025-07-09 09:09:26+00:00,Livemint
HCLTECH.NS,HCL Technologies,"Accenture, an Indian IT bellwether? Scale, structure, and AI demand more nuance","Accenture’s results often lead to sharp reactions in the stocks of Indian IT services companies. However, the Dublin-headquartered tech and consulting major differs from Indian IT firms in several ways, warranting a closer look beyond its quarterly numbers.","When Accenture shared a disappointing metric in its recent quarterly earnings, stocks of information technology (IT) services companies in India felt the impact. The Dublin-headquartered tech and con… [+4656 chars]",https://www.livemint.com/companies/accenture-q3-earnings-accenture-share-price-indian-it-stocks-it-services-market-india-nifty-it-11751900056360.html,2025-07-08 01:30:06+00:00,Livemint
MARUTI.NS,Maruti Suzuki,Small cars face a stricter fuel efficiency threat even as sales crater. Will there be a rethink?,Bureau of Energy Efficiency is exploring possible ways to ease proposed emission caps for small cars amid plummeting demand.,"Indias top energy efficiency agency is exploring possible ways to ease proposed emission caps for small cars amid plummeting demand, according to two people aware of the matter, even as electric vehi… [+4924 chars]",https://www.livemint.com/industry/manufacturing/bee-conducts-viability-study-for-easing-cafe-norms-for-ice-small-cars-maruti-suzuki-11752067510864.html,2025-07-10 00:30:20+00:00,Livemint
MARUTI.NS,Maruti Suzuki,"Chinese motors instead of Chinese magnets? Yes, but there's a problem","Desperate automakers are looking to import fully made Chinese motors. But they attract a higher duty, and may disqualify from them subsidy schemes. What's the solution?","Automakers looking to import fully made motors to skirt China's export ban on rare earth magnets have called for lower import duties and easier local content requirements.
Passing on the duty burden… [+5425 chars]",https://www.livemint.com/industry/chinese-motors-instead-of-chinese-magnets-yes-but-theres-a-problem-11751796235162.html,2025-07-07 00:10:13+00:00,Livemint
WIPRO.NS,Wipro,"To change the world, India Inc must stop hoarding cash and take more risks","A bet on smartphones in the 2000s turned Apple into one of the world's most valuable and influential companies, and Google's $1.65-billion buyout of YouTube in 2006 brought in more than $36 billion of revenue in 2024. Why are there are no such stories in Indi…","India Inc is sitting on an unprecedented mountain of cash. A Mint analysis of 285 listed entities (excluding banking, finance and insurance companies, which have some statutory cash requirements) sho… [+4987 chars]",https://www.livemint.com/opinion/online-views/india-inc-cash-reserves-corporate-cash-pile-india-fy25-corporate-profits-indian-companies-capex-nifty-500-cash-11752067174455.html,2025-07-10 03:30:10+00:00,Livemint
WIPRO.NS,Wipro,"Coforge emulates Cognizant, Infosys in on-site consulting push to fuel growth","Coforge is adopting strategies similar to Cognizant and Infosys' by placing business consultants at client sites to increase revenue. This approach aims to create tailored solutions by understanding client challenges, and driving proactive deals rather than w…","Coforge Ltd, formerly NIIT Technologies, is taking a leaf out of Cognizant Technology Solutions Corp and Infosys Ltds proven business strategy, as the information technology (IT) services company loo… [+7817 chars]",https://www.livemint.com/companies/news/coforge-takes-a-leaf-from-cognizant-and-infosys-playbook-11752037686287.html,2025-07-09 14:10:04+00:00,Livemint
WIPRO.NS,Wipro,"Santoor soap maker's FY25 revenue rises to ₹10,600 crore on premium push","Wipro Consumer Care and Lighting, which derives 50% of its business from India, reported a volume growth of 7.8%.","Consumer goods company Wipro Consumer Care and Lighting clocked revenues of 10,600 crore in 2024-25, up 3.11% on-year, driven by higher demand for its premium portfolio that saw personal care brand Y… [+4280 chars]",https://www.livemint.com/companies/company-results/wipro-consumer-care-and-lighting-santoor-soap-maker-fy25-revenue-premium-push-acquisitions-yardley-softtouch-11751973076123.html,2025-07-08 12:51:29+00:00,Livemint
WIPRO.NS,Wipro,"Accenture, an Indian IT bellwether? Scale, structure, and AI demand more nuance","Accenture’s results often lead to sharp reactions in the stocks of Indian IT services companies. However, the Dublin-headquartered tech and consulting major differs from Indian IT firms in several ways, warranting a closer look beyond its quarterly numbers.","When Accenture shared a disappointing metric in its recent quarterly earnings, stocks of information technology (IT) services companies in India felt the impact. The Dublin-headquartered tech and con… [+4656 chars]",https://www.livemint.com/companies/accenture-q3-earnings-accenture-share-price-indian-it-stocks-it-services-market-india-nifty-it-11751900056360.html,2025-07-08 01:30:06+00:00,Livemint
ULTRACEMCO.NS,UltraTech Cement,"Not under investigation by CCI, India Cements party to case: UltraTech on probe over ONGC complaint","UltraTech, the flagship cement company of Aditya Birla Group, has said that it is not under investigation in case related to anti-competitive practice before the Competition Commission of India and it has neither received any order from the CCI in this case n…","Mumbai (Maharashtra), July 5 (ANI): UltraTech, the flagship cement company of Aditya Birla Group, has said that it is not under investigation in case related to anti-competitive practice before the C… [+1948 chars]",https://www.livemint.com/companies/news/not-under-investigation-by-cci-india-cements-party-to-case-ultratech-on-probe-over-ongc-complaint-11751735305905.html,2025-07-05 17:08:25+00:00,Livemint
HINDUNILVR.NS,Hindustan Unilever,"Dabur India confident of FY26 recovery, driven by monsoon, macro factors","Dabur India expects a revival in consumption by FY26, driven by a normal monsoon, easing inflation, and rising government spending.&nbsp;Despite a profit dip in FY25, the FMCG firm is doubling down on rural and urban expansion, premiumisation, digital engagem…","New Delhi: Fast-moving consumer goods companyDabur India Ltdexpects a turnaround in consumption trends by FY202526, backed by favourable macroeconomic indicators, a normal monsoon, continued governme… [+4648 chars]",https://www.livemint.com/companies/dabur-india-fy26-consumption-recovery-monsoon-macro-factors-rural-urban-market-presence-economic-conditions-11752062600912.html,2025-07-09 14:20:09+00:00,Livemint
NTPC.NS,NTPC,"IndianOil preparing new strategy for N-power, not interested in Nayara stake: Chairman Sahney","Ten years ago, Indian Oil tied up with NPCIL for a nuclear power project, but that did not make headway. Now, the refiner is taking a fresh look at N-power, at a time the sector is back in the spotlight.","Indian Oil Corp. Ltd is preparing a new strategy to build small modular reactors (SMR) and large nuclear power plants in the country, chairman Arvinder Singh Sahney said.
India's largest oil refiner… [+3850 chars]",https://www.livemint.com/companies/news/indian-oil-preparing-new-strategy-nuclear-power-not-interested-acquiring-stake-in-nayara-indianoil-chairman-arvinder-11751796795142.html,2025-07-08 00:00:19+00:00,Livemint
NTPC.NS,NTPC,Clarity on power costs could speed up India’s transition to clean energy,"Reduced incentives for renewable power transmission across state borders should nudge importers to produce their own. To catalyse our clean shift, we should let true costs play a larger role.",The governments recent decision to reduce inter-state transmission incentives for renewable energy (RE) from sources like solar and wind is a timely step to reduce  distortion in the bills of states … [+3369 chars],https://www.livemint.com/opinion/online-views/renewable-energy-policy-inter-state-transmission-rooftop-solar-capacity-ntpc-coal-plants-subsidy-reform-battery-storage-11751547472520.html,2025-07-04 02:30:08+00:00,Livemint
TITAN.NS,Titan Company,Titan sees 20 pc revenue growth in April-June despite softening of purchase in jewellery division,Titan sees 20 pc revenue growth in April-June despite softening of purchase in jewellery division,"New Delhi, Jul 8 (PTI) Tata group's jewellery and watchmaking brand Titan has reported a 20 per cent growth in its standalone revenue in the June quarter of FY26, according to the latest quarterly up… [+2531 chars]",https://www.livemint.com/companies/company-results/titan-sees-20-pc-revenue-growth-in-april-june-despite-softening-of-purchase-in-jewellery-division-11751976630766.html,2025-07-08 12:10:30+00:00,Livemint
TITAN.NS,Titan Company,Retail rush: India’s store boom defies urban slowdown,"Retailers push ahead with expansion plans, locking in real estate for the long haul amid rising rents and low vacancies.","NEW DELHI
 : 
Despite a slowdown in urban consumption, retail giants such as Aditya Birla Fashion and Retail Ltd and Tata Group-backed Trent Ltd are pressing ahead with plans to expand their physic… [+6650 chars]",https://www.livemint.com/companies/retail-rush-india-s-store-boom-defies-urban-slowdown-11751884452319.html,2025-07-08 08:52:50+00:00,Livemint
TITAN.NS,Titan Company,Premium watches have started to play a larger role in our overall business: Titan MD CK Venkataraman,"Titan’s MD CK Venkataraman on what the recently launched  ₹40.5 lakh Jalsa tourbillon watch means for the company, India’s growing luxury and premium watch segments, and why premiumisation isn’t just about price.","Last year, on the occasion of its 40th anniversary, Titan released its Flying Tourbillon watch, developed entirely in-house. The tourbillon is considered one of the most prestigious complications in … [+6090 chars]",https://www.livemint.com/companies/premium-watches-have-started-to-play-a-larger-role-in-our-overall-business-titan-md-ck-venkataraman-11751867145260.html,2025-07-07 06:41:23+00:00,Livemint
TITAN.NS,Titan Company,THESE credit cards offer reward points on payment of insurance premium,"Here, we list out some credit cards which offer reward points on the payment of insurance premium","Credit card users can use their cards for the payment of insurance premium and earn reward points. However these payments can be subject to certain caps and conditions. Here, we list out names of som… [+3214 chars]",https://www.livemint.com/money/personal-finance/these-credit-cards-offer-reward-points-on-payment-of-insurance-premium-11751626182399.html,2025-07-07 04:11:00+00:00,Livemint
TITAN.NS,Titan Company,Xiaomi Founder’s Bold EV Bet Is Paying Off Where Apple’s Failed,"Lei Jun, founder and chairman of Xiaomi Corp., the only tech company to have successfully diversified into carmaking, couldn’t resist.","(Bloomberg) -- Lei Jun, founder and chairman of Xiaomi Corp., the only tech company to have successfully diversified into carmaking, couldnt resist. 
 Speaking at a triumphant launch event in Beijin… [+10876 chars]",https://www.livemint.com/companies/news/xiaomi-founder-s-bold-ev-bet-is-paying-off-where-apple-s-failed-11751848508104.html,2025-07-07 00:35:07+00:00,Livemint
TECHM.NS,Tech Mahindra,"Coforge emulates Cognizant, Infosys in on-site consulting push to fuel growth","Coforge is adopting strategies similar to Cognizant and Infosys' by placing business consultants at client sites to increase revenue. This approach aims to create tailored solutions by understanding client challenges, and driving proactive deals rather than w…","Coforge Ltd, formerly NIIT Technologies, is taking a leaf out of Cognizant Technology Solutions Corp and Infosys Ltds proven business strategy, as the information technology (IT) services company loo… [+7817 chars]",https://www.livemint.com/companies/news/coforge-takes-a-leaf-from-cognizant-and-infosys-playbook-11752037686287.html,2025-07-09 14:10:04+00:00,Livemint
TECHM.NS,Tech Mahindra,Top-tier IT cos to see modest Q1 growth; mid-tier firms poised to outperform: IT analysts,Top-tier IT cos to see modest Q1 growth; mid-tier firms poised to outperform: IT analysts,"New Delhi, Jul 8 (PTI) Top Indian IT companies are bracing for a ""modest"" Q1 FY26, hurt by sluggish demand in various verticals, such as consumer and manufacturing segments, but mid-tier firms should… [+3696 chars]",https://www.livemint.com/companies/company-results/toptier-it-cos-to-see-modest-q1-growth-mid-tier-firms-poised-to-outperform-it-analysts-11751977853477.html,2025-07-08 12:30:52+00:00,Livemint
TECHM.NS,Tech Mahindra,The Power of Purposeful Work: Rethinking Work in an Uncertain World,"Mint India’s Iconic Workplaces presents a special 6-part article series, spotlighting the six foundational pillars of workplace excellence. The first edition dives into Purposeful Work. It explores how aligning individual purpose with organizational vision ca…","The global job market is facing disruption due to rapid technological shifts, geopolitical conflicts, and changing international alliances. These forces have made the employment landscape increasingl… [+5161 chars]",https://www.livemint.com/companies/the-power-of-purposeful-work-rethinking-work-in-an-uncertain-world-11751972073273.html,2025-07-08 11:04:57+00:00,Livemint
JSWSTEEL.NS,JSW Steel,Five big concerns flagged by Viceroy Research in its 87-page report on Vedanta,"Viceroy's report accuses Vedanta Resources Ltd of draining cash from its subsidiary, Vedanta Ltd, through excessive dividends and unexplained interest expenses. The report highlights a lack of genuine expansion, internal governance issues, and significant leg…","In an 87-page report, American short-seller and  investigative financial research group Viceroy Research has accused Vedanta Resources Ltd (VRL), the parent company of the natural resources conglomer… [+4271 chars]",https://www.livemint.com/companies/5-big-red-flags-viceroy-s-report-vedanta-resources-governance-issues-legal-challenges-lack-of-genuine-expansion-11752139453189.html,2025-07-10 11:42:04+00:00,Livemint
JSWSTEEL.NS,JSW Steel,Delhi HC directs competition regulator to review green channel nod for INSCO in HNGIL buyout,"The Delhi High Court ordered the CCI to revisit AGI Greenpac's plea against INSCO's approval for acquiring HNGIL within 10 days.&nbsp;The Supreme Court previously nullified AGI's plan due to procedural errors, raising concerns over potential impacts on credit…",The Delhi High Court on Tuesday gave the anti-Trust regulator Competition Commission of India (CCI) 10 days to decide on packaging manufacturer AGI Greenpacs plea challenging its fast-track green cha… [+2948 chars],https://www.livemint.com/companies/delhi-high-court-cci-green-channel-insco-hngil-buyout-11751972960192.html,2025-07-08 14:52:47+00:00,Livemint
ADANIENT.NS,Adani Enterprises,"Vedanta has so many red flags, it will take people some time to digest: Viceroy's Perring","Fraser Perring's critical report, which led to a 3.38% drop in Vedanta shares, says the group never fulfilled promises. Investors will need time to fully understand the implications of the findings, he says.","Fraser Perring, a British short-seller and founder of Viceroy Research, caused a stir in the markets with a critical report on Anil Agarwal's Vedanta Resources Ltd. The report, published during marke… [+9026 chars]",https://www.livemint.com/companies/news/vedanta-promises-never-fulfilled-red-flags-take-time-to-digest-short-seller-viceroy-research-fraser-perring-11752070592856.html,2025-07-09 18:30:08+00:00,Livemint
COALINDIA.NS,Coal India,"Talcher urea plant revival takes shape as banks consider ₹10,000 cr loan","Lenders to start assessment for India's first coal-based urea plan after promoters repaid old debts worth about  ₹4,000 crore.","Mumbai: The plan to revive Indias first coal-based urea plant at Talcher, Odisha has gained steam as banks will start assessing the project afresh for lending up to 10,000 crore, after being repaid a… [+3677 chars]",https://www.livemint.com/companies/news/talcher-fertilizer-revival-banks-sbi-consider-10-000-cr-loan-after-old-debts-are-cleared-gail-coal-india-11751976792513.html,2025-07-09 00:30:04+00:00,Livemint
HINDALCO.NS,Hindalco Industries,"IndianOil preparing new strategy for N-power, not interested in Nayara stake: Chairman Sahney","Ten years ago, Indian Oil tied up with NPCIL for a nuclear power project, but that did not make headway. Now, the refiner is taking a fresh look at N-power, at a time the sector is back in the spotlight.","Indian Oil Corp. Ltd is preparing a new strategy to build small modular reactors (SMR) and large nuclear power plants in the country, chairman Arvinder Singh Sahney said.
India's largest oil refiner… [+3850 chars]",https://www.livemint.com/companies/news/indian-oil-preparing-new-strategy-nuclear-power-not-interested-acquiring-stake-in-nayara-indianoil-chairman-arvinder-11751796795142.html,2025-07-08 00:00:19+00:00,Livemint
ONGC.NS,Oil Natural Gas Corporation,Andy Mukherjee: Why imports of American gas by Reliance make all-round strategic sense,"The company has a cracker facility in Gujarat to get polymers from ethane. This is more efficient than cracking crude oil for raw materials to make plastics. Plus, it would please the White House amid trade talks between Washington and New Delhi.","From Ottawa to Beijing, US President Donald Trumps trade war has made many enemies. But it has also won America some allies. Asias richest tycoon is preparing to welcome US cargo originally meant for… [+4870 chars]",https://www.livemint.com/opinion/online-views/us-ethane-exports-reliance-mukesh-ambani-ongc-deal-qatarenergy-supply-gail-dahej-terminal-ethylene-blending-india-trade-11751873176141.html,2025-07-07 09:30:15+00:00,Livemint
ONGC.NS,Oil Natural Gas Corporation,"Not under investigation by CCI, India Cements party to case: UltraTech on probe over ONGC complaint","UltraTech, the flagship cement company of Aditya Birla Group, has said that it is not under investigation in case related to anti-competitive practice before the Competition Commission of India and it has neither received any order from the CCI in this case n…","Mumbai (Maharashtra), July 5 (ANI): UltraTech, the flagship cement company of Aditya Birla Group, has said that it is not under investigation in case related to anti-competitive practice before the C… [+1948 chars]",https://www.livemint.com/companies/news/not-under-investigation-by-cci-india-cements-party-to-case-ultratech-on-probe-over-ongc-complaint-11751735305905.html,2025-07-05 17:08:25+00:00,Livemint
BRITANNIA.NS,Britannia Industries,Work from Tirunelveli: How Tamil Nadu turned ghost districts into industrial hotbeds,"Gangaikondan, a town in Tamil Nadu’s Tirunelveli district, has suddenly seen a flood of investments—from the likes of Tata Solar, Yokohama Tyres, Britannia Industries, Bosch and First Solar. Here’s the inside story on how and why the industrial map of the sta…","Chennai: Chittar Chatiram, a quaint village comprising a few hamlets, on the banks of the Chittar river, in southern Tamil Nadus Tirunelveli district, hides a dark history. In the 1990s, it was a hot… [+12599 chars]",https://www.livemint.com/industry/tamil-nadu-industrial-development-vinfast-plant-jabil-ola-electric-tata-solar-yokohama-tyres-britannia-industries-bosch-11751877572069.html,2025-07-07 11:31:13+00:00,Livemint
BRITANNIA.NS,Britannia Industries,"Patchy summer, shifting demand: Dabur, Marico, Godrej likely saw diverging fortunes in Q1 sales",Unseasonal rains hurt beverage sales even as home care and edible oils reported strong growth in Q1. FMCG firms have now pinned hopes on H2 recovery led by festival demand and softer input costs.,"New Delhi: Consumer goods makers Dabur India Ltd, Marico Ltd, and Godrej Consumer Products Ltd are expected to report contrasting demand patterns for their products in the June quarter, with robust s… [+6473 chars]",https://www.livemint.com/industry/dabur-marico-godrej-consumer-goods-divergent-demand-trends-in-fmcg-sector-for-june-quarter-11751626753919.html,2025-07-06 04:39:22+00:00,Livemint
APOLLOHOSP.NS,Apollo Hospitals,Aster DM sets sights on pan-India expansion after merger with Quality Care,"The Bengaluru-based hospital group aims to expand its footprint across the country and become a pan-India healthcare leader in the next ten years, said deputy MD and promoter Alisha Moopen. However, even as the company explores further inorganic opportunities…","Aster DM Healthcares merger with Blackstone-backed Quality Care India Ltd (QCIL) was an inflection point for the hospital chain as it embarks on an ambitious expansion plan, deputy managing director … [+4326 chars]",https://www.livemint.com/companies/aster-dm-healthcare-merger-quality-care-ltd-blackstone-expansion-plans-hospital-chain-apollo-max-manipal-alisha-moopen-11751635935782.html,2025-07-04 15:39:14+00:00,Livemint
TATAMOTORS.NS,Tata Motors,"To change the world, India Inc must stop hoarding cash and take more risks","A bet on smartphones in the 2000s turned Apple into one of the world's most valuable and influential companies, and Google's $1.65-billion buyout of YouTube in 2006 brought in more than $36 billion of revenue in 2024. Why are there are no such stories in Indi…","India Inc is sitting on an unprecedented mountain of cash. A Mint analysis of 285 listed entities (excluding banking, finance and insurance companies, which have some statutory cash requirements) sho… [+4987 chars]",https://www.livemint.com/opinion/online-views/india-inc-cash-reserves-corporate-cash-pile-india-fy25-corporate-profits-indian-companies-capex-nifty-500-cash-11752067174455.html,2025-07-10 03:30:10+00:00,Livemint
TATAMOTORS.NS,Tata Motors,Small cars face a stricter fuel efficiency threat even as sales crater. Will there be a rethink?,Bureau of Energy Efficiency is exploring possible ways to ease proposed emission caps for small cars amid plummeting demand.,"Indias top energy efficiency agency is exploring possible ways to ease proposed emission caps for small cars amid plummeting demand, according to two people aware of the matter, even as electric vehi… [+4924 chars]",https://www.livemint.com/industry/manufacturing/bee-conducts-viability-study-for-easing-cafe-norms-for-ice-small-cars-maruti-suzuki-11752067510864.html,2025-07-10 00:30:20+00:00,Livemint
TATAMOTORS.NS,Tata Motors,Why JLR’s sales slowdown could hit Tata Technologies and Tata Elxsi,"Jaguar Land Rover's recent sales decline poses risks for Tata Elxsi and Tata Technologies, as over 20% of their revenues comes from JLR. Analysts forecast further setbacks due to tariff uncertainties and reduced earnings, affecting future growth prospects.","Already facing a slowdown in business from European auto firms and competition from Chinese counterparts, at least three analysts said that Tata Group's engineering, research and development (ER&amp;… [+5230 chars]",https://www.livemint.com/companies/jaguar-land-rover-jlr-slowdown-tata-group-er-d-companies-elxsi-technologies-tata-motors-donald-trump-11751974529407.html,2025-07-09 03:30:12+00:00,Livemint
TATAMOTORS.NS,Tata Motors,"Chinese motors instead of Chinese magnets? Yes, but there's a problem","Desperate automakers are looking to import fully made Chinese motors. But they attract a higher duty, and may disqualify from them subsidy schemes. What's the solution?","Automakers looking to import fully made motors to skirt China's export ban on rare earth magnets have called for lower import duties and easier local content requirements.
Passing on the duty burden… [+5425 chars]",https://www.livemint.com/industry/chinese-motors-instead-of-chinese-magnets-yes-but-theres-a-problem-11751796235162.html,2025-07-07 00:10:13+00:00,Livemint
TATAMOTORS.NS,Tata Motors,Ad agencies want to do it all. But the ultimate loser is the brand,"Ad agencies in India are racing to become one-stop shops for creative, media, data, and commerce. But in the chase for performance, platforms, and quarterly KPIs, is the core craft of brand building being quietly sidelined.","Mumbai: In Indian advertising today, theres one common pitch: We do it all.Creative. Media. Martech. Influencers. AI. Commerce. If theres a funnel, every agency wants to own it, end-to-end.
But here… [+5107 chars]",https://www.livemint.com/industry/advertising/ad-agencies-brands-media-data-commerce-advertising-artificial-intelligence-cannes-lions-2025-11751739613222.html,2025-07-07 00:00:13+00:00,Livemint
HEROMOTOCO.NS,Hero MotoCorp,"Ather Energy says tech innovation, not sales volume, will win profitability race","Ather Energy CEO Tarun Mehta asserts that profit margins in the electric two-wheeler sector depend more on technology and process improvements than sales volume. Ather aims to enhance engineering and design to compete with rivals like Ola Electric and Bajaj, …","Delhi and Bengaluru: Ather Energy Ltd believes that selling more vehicles will not give any electric two-wheeler maker an edge in terms of better profit margins, as all companies have similar cost st… [+3691 chars]",https://www.livemint.com/companies/news/ather-energy-profitability-push-volumes-11752058891553.html,2025-07-10 03:30:09+00:00,Livemint
BAJAJ-AUTO.NS,Bajaj Auto,"Ather Energy says tech innovation, not sales volume, will win profitability race","Ather Energy CEO Tarun Mehta asserts that profit margins in the electric two-wheeler sector depend more on technology and process improvements than sales volume. Ather aims to enhance engineering and design to compete with rivals like Ola Electric and Bajaj, …","Delhi and Bengaluru: Ather Energy Ltd believes that selling more vehicles will not give any electric two-wheeler maker an edge in terms of better profit margins, as all companies have similar cost st… [+3691 chars]",https://www.livemint.com/companies/news/ather-energy-profitability-push-volumes-11752058891553.html,2025-07-10 03:30:09+00:00,Livemint
BAJAJ-AUTO.NS,Bajaj Auto,"Chinese motors instead of Chinese magnets? Yes, but there's a problem","Desperate automakers are looking to import fully made Chinese motors. But they attract a higher duty, and may disqualify from them subsidy schemes. What's the solution?","Automakers looking to import fully made motors to skirt China's export ban on rare earth magnets have called for lower import duties and easier local content requirements.
Passing on the duty burden… [+5425 chars]",https://www.livemint.com/industry/chinese-motors-instead-of-chinese-magnets-yes-but-theres-a-problem-11751796235162.html,2025-07-07 00:10:13+00:00,Livemint
TATASTEEL.NS,Tata Steel,Five big concerns flagged by Viceroy Research in its 87-page report on Vedanta,"Viceroy's report accuses Vedanta Resources Ltd of draining cash from its subsidiary, Vedanta Ltd, through excessive dividends and unexplained interest expenses. The report highlights a lack of genuine expansion, internal governance issues, and significant leg…","In an 87-page report, American short-seller and  investigative financial research group Viceroy Research has accused Vedanta Resources Ltd (VRL), the parent company of the natural resources conglomer… [+4271 chars]",https://www.livemint.com/companies/5-big-red-flags-viceroy-s-report-vedanta-resources-governance-issues-legal-challenges-lack-of-genuine-expansion-11752139453189.html,2025-07-10 11:42:04+00:00,Livemint
